{
  "beta": 0.9999,
  "clip_max": 4.0,
  "clip_min": 0.25,
  "cv_seen": 0.3371969363590855,
  "enabled": true,
  "eps": 1e-12,
  "max_weight": 4.0,
  "mean_after_clipping": 3.07202673471693,
  "mean_after_normalization": 1.0,
  "mean_seen_after_clipping": 3.284542297252001,
  "method": "inv_sqrt",
  "min_weight": 0.32742951096445194,
  "n_seen": 78,
  "n_unseen": 8,
  "normalize": "sample_mean",
  "sat_max_seen": 0.5641025641025641,
  "sat_min_seen": 0.0,
  "unique_seen_weights": 34,
  "weights": [
    4.0,
    3.6379501819610596,
    3.4737465381622314,
    1.3351079225540161,
    4.0,
    1.4187307357788086,
    4.0,
    4.0,
    1.6997827291488647,
    3.580656051635742,
    4.0,
    4.0,
    1.0,
    4.0,
    4.0,
    1.0971513986587524,
    4.0,
    4.0,
    4.0,
    1.1403493881225586,
    4.0,
    4.0,
    4.0,
    4.0,
    2.878955841064453,
    1.0,
    2.357280969619751,
    1.0,
    4.0,
    3.590017318725586,
    1.0,
    2.0306077003479004,
    3.6676483154296875,
    4.0,
    4.0,
    4.0,
    1.4480353593826294,
    4.0,
    4.0,
    4.0,
    4.0,
    4.0,
    4.0,
    4.0,
    1.0,
    1.0,
    0.45861268043518066,
    4.0,
    0.32742950320243835,
    4.0,
    4.0,
    4.0,
    4.0,
    2.3058056831359863,
    4.0,
    4.0,
    3.7188034057617188,
    1.9566255807876587,
    4.0,
    0.9272621870040894,
    3.322467803955078,
    4.0,
    4.0,
    3.082927703857422,
    1.0,
    4.0,
    2.4964027404785156,
    4.0,
    3.959710121154785,
    0.9432105422019958,
    3.222842216491699,
    2.107940435409546,
    0.5586016774177551,
    3.761305332183838,
    0.902240514755249,
    3.0250813961029053,
    3.6379501819610596,
    4.0,
    4.0,
    4.0,
    4.0,
    4.0,
    2.46539044380188,
    4.0,
    3.657668113708496,
    1.0
  ]
}