{
  "objective_config": {
    "use_class_weights": false,
    "class_weight_method": "inv_sqrt",
    "class_weight_beta": 0.9999,
    "class_weight_clip_min": 0.25,
    "class_weight_clip_max": 20.0,
    "class_weight_eps": 1e-12,
    "label_smoothing": 0.0
  },
  "uncalibrated": {
    "accuracy": 0.31749573434833966,
    "macro_f1": 0.08853510169459981,
    "micro_f1": 0.31749573434833966,
    "cohen_kappa": 0.10895566711014815,
    "brier_score": 0.8173224329948425,
    "ece": 0.06230664063132111,
    "nll": 2.31441330909729,
    "macro_roc_auc_ovr": 0.7897683662818519,
    "macro_pr_auc_ovr": 0.13650646735129834,
    "macro_f1_present_only": 0.08853510169459981,
    "kappa": 0.10895566711014815,
    "objective_loss": 2.3144135173810625,
    "nll_loss": 2.3144135173810625,
    "loss": 2.3144135173810625
  },
  "summary": {
    "objective_loss": 2.3144135173810625,
    "nll_loss": 2.3144135173810625,
    "macro_f1": 0.08853510169459981,
    "micro_f1": 0.31749573434833966,
    "accuracy": 0.31749573434833966,
    "kappa": 0.10895566711014815,
    "macro_pr_auc_ovr": 0.13650646735129834,
    "macro_roc_auc_ovr": 0.7897683662818519
  }
}