{
  "objective_config": {
    "use_class_weights": false,
    "class_weight_method": "inv_sqrt",
    "class_weight_normalize": "sample_mean",
    "class_weight_beta": 0.9999,
    "class_weight_clip_min": 0.25,
    "class_weight_clip_max": 4.0,
    "class_weight_eps": 1e-12,
    "label_smoothing": 0.0,
    "logit_adjust_tau": 0.0,
    "logit_adjust_eps": 1e-12
  },
  "tail_definition": {
    "fraction": 0.2,
    "include_zero_count": true,
    "tail_k": 18,
    "tail_class_ids": [
      12,
      21,
      30,
      34,
      85,
      6,
      64,
      25,
      41,
      27,
      0,
      42,
      51,
      43,
      40,
      61,
      78,
      37
    ]
  },
  "uncalibrated": {
    "accuracy": 0.5751039501039501,
    "macro_f1": 0.4392255613714467,
    "micro_f1": 0.5751039501039501,
    "cohen_kappa": 0.47504480703731167,
    "brier_score": 0.5912809371948242,
    "ece": 0.11969887880235396,
    "nll": 1.6011093854904175,
    "n_classes_total": 86.0,
    "n_classes_missing_pos": 0.0,
    "n_classes_missing_neg": 0.0,
    "macro_roc_auc_ovr": 0.9169302917661806,
    "macro_pr_auc_ovr": 0.48149658169602405,
    "n_classes_scored": 86.0,
    "tail_k": 18.0,
    "tail_definition": "bottom_20pct_train_support_including_zero",
    "tail_class_ids": [
      12,
      21,
      30,
      34,
      85,
      6,
      64,
      25,
      41,
      27,
      0,
      42,
      51,
      43,
      40,
      61,
      78,
      37
    ],
    "tail_macro_pr_auc_ovr": 0.15346396092672365,
    "tail_n_classes_scored": 18.0,
    "macro_f1_present_only": 0.4392255613714467,
    "kappa": 0.47504480703731167,
    "objective_loss": 1.6014283571988654,
    "nll_loss": 1.6014283571988654,
    "loss": 1.6014283571988654
  },
  "summary": {
    "objective_loss": 1.6014283571988654,
    "nll_loss": 1.6014283571988654,
    "macro_f1": 0.4392255613714467,
    "micro_f1": 0.5751039501039501,
    "accuracy": 0.5751039501039501,
    "kappa": 0.47504480703731167,
    "macro_pr_auc_ovr": 0.48149658169602405,
    "tail_macro_pr_auc_ovr": 0.15346396092672365,
    "macro_roc_auc_ovr": 0.9169302917661806
  }
}