{
  "objective_config": {
    "use_class_weights": false,
    "class_weight_method": "inv_sqrt",
    "class_weight_normalize": "sample_mean",
    "class_weight_beta": 0.9999,
    "class_weight_clip_min": 0.25,
    "class_weight_clip_max": 4.0,
    "class_weight_eps": 1e-12,
    "label_smoothing": 0.0,
    "logit_adjust_tau": 0.5,
    "logit_adjust_eps": 1e-12
  },
  "tail_definition": {
    "fraction": 0.2,
    "include_zero_count": true,
    "tail_k": 18,
    "tail_class_ids": [
      0,
      14,
      35,
      38,
      44,
      45,
      77,
      41,
      42,
      25,
      51,
      62,
      27,
      61,
      30,
      40,
      43,
      79
    ]
  },
  "uncalibrated": {
    "accuracy": 0.6250625802659934,
    "macro_f1": 0.47821021510240985,
    "micro_f1": 0.6250625802659934,
    "cohen_kappa": 0.5445706544815841,
    "brier_score": 0.5662663578987122,
    "ece": 0.1815729092381106,
    "nll": 1.882964849472046,
    "n_classes_total": 86.0,
    "n_classes_missing_pos": 0.0,
    "n_classes_missing_neg": 0.0,
    "macro_roc_auc_ovr": 0.9368400265917505,
    "macro_pr_auc_ovr": 0.5100975270344881,
    "n_classes_scored": 86.0,
    "tail_k": 18.0,
    "tail_definition": "bottom_20pct_train_support_including_zero",
    "tail_class_ids": [
      0,
      14,
      35,
      38,
      44,
      45,
      77,
      41,
      42,
      25,
      51,
      62,
      27,
      61,
      30,
      40,
      43,
      79
    ],
    "tail_macro_pr_auc_ovr": 0.1912072162522206,
    "tail_n_classes_scored": 18.0,
    "macro_f1_present_only": 0.47821021510240985,
    "kappa": 0.5445706544815841,
    "objective_loss": 1.8841024547557785,
    "nll_loss": 1.8841024547557785,
    "loss": 1.8841024547557785
  },
  "summary": {
    "objective_loss": 1.8841024547557785,
    "nll_loss": 1.8841024547557785,
    "macro_f1": 0.47821021510240985,
    "micro_f1": 0.6250625802659934,
    "accuracy": 0.6250625802659934,
    "kappa": 0.5445706544815841,
    "macro_pr_auc_ovr": 0.5100975270344881,
    "tail_macro_pr_auc_ovr": 0.1912072162522206,
    "macro_roc_auc_ovr": 0.9368400265917505
  }
}