{
  "objective_config": {
    "colsample_bytree": 0.8,
    "early_stopping_rounds": 30,
    "ecfp_bits": 2048,
    "ecfp_radius": 2,
    "learning_rate": 0.05,
    "max_depth": 8,
    "min_child_weight": 1.0,
    "model_family": "xgboost",
    "n_estimators": 600,
    "num_classes_total": 86,
    "num_classes_trained": 86,
    "pair_representation": "sorted_concat_ecfp4",
    "reg_lambda": 1.0,
    "run_seed": 44,
    "subsample": 0.8,
    "tree_method": "hist",
    "use_class_weights": false
  },
  "summary": {
    "accuracy": 0.8527594567115931,
    "kappa": 0.8234689128233146,
    "macro_f1": 0.7860893848909298,
    "macro_pr_auc_ovr": 0.8593201512137985,
    "macro_roc_auc_ovr": 0.9915646872838585,
    "micro_f1": 0.8527594567115931,
    "nll_loss": 0.48261739997389635,
    "objective_loss": 0.48261739997389635,
    "tail_macro_pr_auc_ovr": 0.7070868999301351
  },
  "tail_definition": {
    "fraction": 0.2,
    "include_zero_count": true,
    "tail_class_ids": [
      41,
      25,
      0,
      42,
      51,
      27,
      61,
      30,
      40,
      43,
      6,
      45,
      49,
      78,
      85,
      77,
      44,
      55
    ],
    "tail_k": 18
  },
  "uncalibrated": {
    "accuracy": 0.8527594567115931,
    "brier_score": 0.2275387004263825,
    "cohen_kappa": 0.8234689128233146,
    "ece": 0.08716133184675261,
    "kappa": 0.8234689128233146,
    "loss": 0.48261739997389635,
    "macro_f1": 0.7860893848909298,
    "macro_f1_present_only": 0.7860893848909298,
    "macro_pr_auc_ovr": 0.8593201512137985,
    "macro_roc_auc_ovr": 0.9915646872838585,
    "micro_f1": 0.8527594567115931,
    "n_classes_missing_neg": 0,
    "n_classes_missing_pos": 0,
    "n_classes_scored": 86,
    "n_classes_total": 86,
    "nll": 0.48261739997389635,
    "nll_loss": 0.48261739997389635,
    "objective_loss": 0.48261739997389635,
    "tail_class_ids": [
      41,
      25,
      0,
      42,
      51,
      27,
      61,
      30,
      40,
      43,
      6,
      45,
      49,
      78,
      85,
      77,
      44,
      55
    ],
    "tail_definition": "bottom_20pct_train_support_including_zero",
    "tail_k": 18,
    "tail_macro_pr_auc_ovr": 0.7070868999301351,
    "tail_n_classes_scored": 18
  }
}