{
  "objective_config": {
    "use_class_weights": false,
    "class_weight_method": "inv_sqrt",
    "class_weight_normalize": "sample_mean",
    "class_weight_beta": 0.9999,
    "class_weight_clip_min": 0.25,
    "class_weight_clip_max": 4.0,
    "class_weight_eps": 1e-12,
    "label_smoothing": 0.0,
    "logit_adjust_tau": 0.5,
    "logit_adjust_eps": 1e-12
  },
  "tail_definition": {
    "fraction": 0.2,
    "include_zero_count": true,
    "tail_k": 18,
    "tail_class_ids": [
      12,
      30,
      64,
      85,
      25,
      34,
      41,
      27,
      51,
      42,
      78,
      43,
      40,
      0,
      61,
      6,
      37,
      49
    ]
  },
  "uncalibrated": {
    "accuracy": 0.6128261389063892,
    "macro_f1": 0.4995760356433172,
    "micro_f1": 0.6128261389063892,
    "cohen_kappa": 0.5292120707262893,
    "brier_score": 0.5571392774581909,
    "ece": 0.135079894157651,
    "nll": 1.6809264421463013,
    "n_classes_total": 86.0,
    "n_classes_missing_pos": 1.0,
    "n_classes_missing_neg": 0.0,
    "macro_roc_auc_ovr": 0.9487391135932534,
    "macro_pr_auc_ovr": 0.5327331191435795,
    "n_classes_scored": 85.0,
    "tail_k": 18.0,
    "tail_definition": "bottom_20pct_train_support_including_zero",
    "tail_class_ids": [
      12,
      30,
      64,
      85,
      25,
      34,
      41,
      27,
      51,
      42,
      78,
      43,
      40,
      0,
      61,
      6,
      37,
      49
    ],
    "tail_macro_pr_auc_ovr": 0.35893236424583475,
    "tail_n_classes_scored": 17.0,
    "macro_f1_present_only": 0.4995760356433172,
    "kappa": 0.5292120707262893,
    "objective_loss": 1.686292463815675,
    "nll_loss": 1.686292463815675,
    "loss": 1.686292463815675
  },
  "summary": {
    "objective_loss": 1.686292463815675,
    "nll_loss": 1.686292463815675,
    "macro_f1": 0.4995760356433172,
    "micro_f1": 0.6128261389063892,
    "accuracy": 0.6128261389063892,
    "kappa": 0.5292120707262893,
    "macro_pr_auc_ovr": 0.5327331191435795,
    "tail_macro_pr_auc_ovr": 0.35893236424583475,
    "macro_roc_auc_ovr": 0.9487391135932534
  }
}