{
  "beta": 0.9999,
  "clip_max": 4.0,
  "clip_min": 0.25,
  "cv_seen": 0.24690654331454445,
  "enabled": false,
  "eps": 1e-12,
  "max_weight": 1.8836193168336022,
  "mean_after_clipping": 1.6354527278493773,
  "mean_after_normalization": 1.0,
  "mean_seen_after_clipping": 1.6746782048771172,
  "method": "inv_sqrt",
  "min_weight": 0.27475411563520336,
  "n_seen": 81,
  "n_unseen": 5,
  "normalize": "sample_mean",
  "sat_max_seen": 0.0,
  "sat_min_seen": 0.0,
  "unique_seen_weights": 11,
  "weights": [
    1.8836193084716797,
    1.8836193084716797,
    1.8836193084716797,
    0.842380166053772,
    1.3319200277328491,
    1.8836193084716797,
    1.8836193084716797,
    1.8836193084716797,
    0.9418096542358398,
    1.8836193084716797,
    1.3319200277328491,
    1.8836193084716797,
    1.8836193084716797,
    1.8836193084716797,
    1.0,
    1.0875080823898315,
    1.8836193084716797,
    1.8836193084716797,
    1.8836193084716797,
    0.9418096542358398,
    1.8836193084716797,
    1.8836193084716797,
    1.3319200277328491,
    1.8836193084716797,
    1.8836193084716797,
    1.8836193084716797,
    1.8836193084716797,
    1.8836193084716797,
    1.8836193084716797,
    1.8836193084716797,
    1.8836193084716797,
    1.3319200277328491,
    1.8836193084716797,
    1.8836193084716797,
    1.8836193084716797,
    1.0,
    1.0875080823898315,
    1.8836193084716797,
    1.8836193084716797,
    1.8836193084716797,
    1.8836193084716797,
    1.8836193084716797,
    1.8836193084716797,
    1.0,
    1.8836193084716797,
    1.8836193084716797,
    0.421190083026886,
    1.8836193084716797,
    0.2747541069984436,
    1.0,
    1.8836193084716797,
    1.8836193084716797,
    1.8836193084716797,
    1.3319200277328491,
    1.8836193084716797,
    1.8836193084716797,
    1.8836193084716797,
    1.8836193084716797,
    1.8836193084716797,
    0.7119411826133728,
    1.8836193084716797,
    1.8836193084716797,
    1.8836193084716797,
    1.8836193084716797,
    1.8836193084716797,
    1.8836193084716797,
    1.3319200277328491,
    1.8836193084716797,
    1.8836193084716797,
    0.7689843773841858,
    1.8836193084716797,
    1.3319200277328491,
    0.5034184455871582,
    1.8836193084716797,
    0.6278731226921082,
    1.8836193084716797,
    1.8836193084716797,
    1.8836193084716797,
    1.8836193084716797,
    1.8836193084716797,
    1.8836193084716797,
    1.8836193084716797,
    1.3319200277328491,
    1.8836193084716797,
    1.8836193084716797,
    1.0
  ]
}