{
  "eps": 1e-12,
  "log_priors": [
    -5.298317366547467,
    -5.298317366547467,
    -5.298317366547467,
    -3.6888794541141663,
    -4.605170185988022,
    -5.298317366547467,
    -5.298317366547467,
    -5.298317366547467,
    -3.9120230054283263,
    -5.298317366547467,
    -4.605170185988022,
    -5.298317366547467,
    -5.298317366547467,
    -5.298317366547467,
    -32.929338482477014,
    -4.199705077880024,
    -5.298317366547467,
    -5.298317366547467,
    -5.298317366547467,
    -3.9120230054283263,
    -5.298317366547467,
    -5.298317366547467,
    -4.605170185988022,
    -5.298317366547467,
    -5.298317366547467,
    -5.298317366547467,
    -5.298317366547467,
    -5.298317366547467,
    -5.298317366547467,
    -5.298317366547467,
    -5.298317366547467,
    -4.605170185988022,
    -5.298317366547467,
    -5.298317366547467,
    -5.298317366547467,
    -32.929338482477014,
    -4.199705077880024,
    -5.298317366547467,
    -5.298317366547467,
    -5.298317366547467,
    -5.298317366547467,
    -5.298317366547467,
    -5.298317366547467,
    -32.929338482477014,
    -5.298317366547467,
    -5.298317366547467,
    -2.3025850929944256,
    -5.298317366547467,
    -1.4481697648383869,
    -32.929338482477014,
    -5.298317366547467,
    -5.298317366547467,
    -5.298317366547467,
    -4.605170185988022,
    -5.298317366547467,
    -5.298317366547467,
    -5.298317366547467,
    -5.298317366547467,
    -5.298317366547467,
    -3.3524072174930106,
    -5.298317366547467,
    -5.298317366547467,
    -5.298317366547467,
    -5.298317366547467,
    -5.298317366547467,
    -5.298317366547467,
    -4.605170185988022,
    -5.298317366547467,
    -5.298317366547467,
    -3.506557897320245,
    -5.298317366547467,
    -4.605170185988022,
    -2.6592600369331367,
    -5.298317366547467,
    -3.101092789212136,
    -5.298317366547467,
    -5.298317366547467,
    -5.298317366547467,
    -5.298317366547467,
    -5.298317366547467,
    -5.298317366547467,
    -5.298317366547467,
    -4.605170185988022,
    -5.298317366547467,
    -5.298317366547467,
    -32.929338482477014
  ],
  "num_classes": 86,
  "priors": [
    0.00500000000000285,
    0.00500000000000285,
    0.00500000000000285,
    0.02499999999999425,
    0.010000000000000701,
    0.00500000000000285,
    0.00500000000000285,
    0.00500000000000285,
    0.0199999999999964,
    0.00500000000000285,
    0.010000000000000701,
    0.00500000000000285,
    0.00500000000000285,
    0.00500000000000285,
    4.9999999999978496e-15,
    0.014999999999998551,
    0.00500000000000285,
    0.00500000000000285,
    0.00500000000000285,
    0.0199999999999964,
    0.00500000000000285,
    0.00500000000000285,
    0.010000000000000701,
    0.00500000000000285,
    0.00500000000000285,
    0.00500000000000285,
    0.00500000000000285,
    0.00500000000000285,
    0.00500000000000285,
    0.00500000000000285,
    0.00500000000000285,
    0.010000000000000701,
    0.00500000000000285,
    0.00500000000000285,
    0.00500000000000285,
    4.9999999999978496e-15,
    0.014999999999998551,
    0.00500000000000285,
    0.00500000000000285,
    0.00500000000000285,
    0.00500000000000285,
    0.00500000000000285,
    0.00500000000000285,
    4.9999999999978496e-15,
    0.00500000000000285,
    0.00500000000000285,
    0.099999999999962,
    0.00500000000000285,
    0.23499999999990395,
    4.9999999999978496e-15,
    0.00500000000000285,
    0.00500000000000285,
    0.00500000000000285,
    0.010000000000000701,
    0.00500000000000285,
    0.00500000000000285,
    0.00500000000000285,
    0.00500000000000285,
    0.00500000000000285,
    0.03499999999998995,
    0.00500000000000285,
    0.00500000000000285,
    0.00500000000000285,
    0.00500000000000285,
    0.00500000000000285,
    0.00500000000000285,
    0.010000000000000701,
    0.00500000000000285,
    0.00500000000000285,
    0.0299999999999921,
    0.00500000000000285,
    0.010000000000000701,
    0.0699999999999749,
    0.00500000000000285,
    0.04499999999998565,
    0.00500000000000285,
    0.00500000000000285,
    0.00500000000000285,
    0.00500000000000285,
    0.00500000000000285,
    0.00500000000000285,
    0.00500000000000285,
    0.010000000000000701,
    0.00500000000000285,
    0.00500000000000285,
    4.9999999999978496e-15
  ]
}