{
  "objective_config": {
    "use_class_weights": false,
    "class_weight_method": "inv_sqrt",
    "class_weight_normalize": "sample_mean",
    "class_weight_beta": 0.9999,
    "class_weight_clip_min": 0.25,
    "class_weight_clip_max": 4.0,
    "class_weight_eps": 1e-12,
    "label_smoothing": 0.0,
    "logit_adjust_tau": 0.0,
    "logit_adjust_eps": 1e-12
  },
  "tail_definition": {
    "fraction": 0.2,
    "include_zero_count": true,
    "tail_k": 18,
    "tail_class_ids": [
      0,
      14,
      35,
      38,
      44,
      45,
      77,
      41,
      42,
      25,
      51,
      62,
      27,
      61,
      30,
      40,
      43,
      79
    ]
  },
  "uncalibrated": {
    "accuracy": 0.5805707320258593,
    "macro_f1": 0.40162498330596,
    "micro_f1": 0.5805707320258593,
    "cohen_kappa": 0.4843307755694133,
    "brier_score": 0.5906303524971008,
    "ece": 0.11222426630701732,
    "nll": 1.7613195180892944,
    "n_classes_total": 86.0,
    "n_classes_missing_pos": 0.0,
    "n_classes_missing_neg": 0.0,
    "macro_roc_auc_ovr": 0.8976638927223226,
    "macro_pr_auc_ovr": 0.42208439836929235,
    "n_classes_scored": 86.0,
    "tail_k": 18.0,
    "tail_definition": "bottom_20pct_train_support_including_zero",
    "tail_class_ids": [
      0,
      14,
      35,
      38,
      44,
      45,
      77,
      41,
      42,
      25,
      51,
      62,
      27,
      61,
      30,
      40,
      43,
      79
    ],
    "tail_macro_pr_auc_ovr": 0.1257402875945147,
    "tail_n_classes_scored": 18.0,
    "macro_f1_present_only": 0.40162498330596,
    "kappa": 0.4843307755694133,
    "objective_loss": 1.7651855994421943,
    "nll_loss": 1.7651855994421943,
    "loss": 1.7651855994421943
  },
  "summary": {
    "objective_loss": 1.7651855994421943,
    "nll_loss": 1.7651855994421943,
    "macro_f1": 0.40162498330596,
    "micro_f1": 0.5805707320258593,
    "accuracy": 0.5805707320258593,
    "kappa": 0.4843307755694133,
    "macro_pr_auc_ovr": 0.42208439836929235,
    "tail_macro_pr_auc_ovr": 0.1257402875945147,
    "macro_roc_auc_ovr": 0.8976638927223226
  }
}