{
  "objective_config": {
    "use_class_weights": false,
    "class_weight_method": "inv_sqrt",
    "class_weight_normalize": "sample_mean",
    "class_weight_beta": 0.9999,
    "class_weight_clip_min": 0.25,
    "class_weight_clip_max": 4.0,
    "class_weight_eps": 1e-12,
    "label_smoothing": 0.0,
    "logit_adjust_tau": 0.5,
    "logit_adjust_eps": 1e-12
  },
  "tail_definition": {
    "fraction": 0.2,
    "include_zero_count": true,
    "tail_k": 18,
    "tail_class_ids": [
      0,
      12,
      27,
      30,
      44,
      58,
      78,
      85,
      25,
      64,
      34,
      51,
      41,
      37,
      40,
      42,
      43,
      61
    ]
  },
  "uncalibrated": {
    "accuracy": 0.6227046526283765,
    "macro_f1": 0.4770299095319284,
    "micro_f1": 0.6227046526283765,
    "cohen_kappa": 0.5454125351529735,
    "brier_score": 0.587103009223938,
    "ece": 0.2122730246868931,
    "nll": 1.9308902025222778,
    "n_classes_total": 86.0,
    "n_classes_missing_pos": 0.0,
    "n_classes_missing_neg": 0.0,
    "macro_roc_auc_ovr": 0.921537843424991,
    "macro_pr_auc_ovr": 0.537138005265183,
    "n_classes_scored": 86.0,
    "tail_k": 18.0,
    "tail_definition": "bottom_20pct_train_support_including_zero",
    "tail_class_ids": [
      0,
      12,
      27,
      30,
      44,
      58,
      78,
      85,
      25,
      64,
      34,
      51,
      41,
      37,
      40,
      42,
      43,
      61
    ],
    "tail_macro_pr_auc_ovr": 0.14480127081778965,
    "tail_n_classes_scored": 18.0,
    "macro_f1_present_only": 0.4770299095319284,
    "kappa": 0.5454125351529735,
    "objective_loss": 1.9317572631904742,
    "nll_loss": 1.9317572631904742,
    "loss": 1.9317572631904742
  },
  "summary": {
    "objective_loss": 1.9317572631904742,
    "nll_loss": 1.9317572631904742,
    "macro_f1": 0.4770299095319284,
    "micro_f1": 0.6227046526283765,
    "accuracy": 0.6227046526283765,
    "kappa": 0.5454125351529735,
    "macro_pr_auc_ovr": 0.537138005265183,
    "tail_macro_pr_auc_ovr": 0.14480127081778965,
    "macro_roc_auc_ovr": 0.921537843424991
  }
}