{
  "objective_config": {
    "colsample_bytree": 0.8,
    "early_stopping_rounds": 30,
    "ecfp_bits": 2048,
    "ecfp_radius": 2,
    "learning_rate": 0.05,
    "max_depth": 8,
    "min_child_weight": 1.0,
    "model_family": "xgboost",
    "n_estimators": 600,
    "num_classes_total": 86,
    "num_classes_trained": 79,
    "pair_representation": "sorted_concat_ecfp4",
    "reg_lambda": 1.0,
    "run_seed": 42,
    "subsample": 0.8,
    "tree_method": "hist",
    "use_class_weights": false
  },
  "summary": {
    "accuracy": 0.6224940684791362,
    "kappa": 0.5294801944935301,
    "macro_f1": 0.45551451766320183,
    "macro_pr_auc_ovr": 0.4857087995264292,
    "macro_roc_auc_ovr": 0.9141312988900993,
    "micro_f1": 0.6224940684791362,
    "nll_loss": 1.560017669694572,
    "objective_loss": 1.560017669694572,
    "tail_macro_pr_auc_ovr": 0.17336636130409644
  },
  "tail_definition": {
    "fraction": 0.2,
    "include_zero_count": true,
    "tail_class_ids": [
      0,
      14,
      35,
      38,
      44,
      45,
      77,
      41,
      42,
      25,
      51,
      62,
      27,
      61,
      30,
      40,
      43,
      79
    ],
    "tail_k": 18
  },
  "uncalibrated": {
    "accuracy": 0.6224940684791362,
    "brier_score": 0.5298028148178997,
    "cohen_kappa": 0.5294801944935301,
    "ece": 0.043065181533678075,
    "kappa": 0.5294801944935301,
    "loss": 1.560017669694572,
    "macro_f1": 0.45551451766320183,
    "macro_f1_present_only": 0.45551451766320183,
    "macro_pr_auc_ovr": 0.4857087995264292,
    "macro_roc_auc_ovr": 0.9141312988900993,
    "micro_f1": 0.6224940684791362,
    "n_classes_missing_neg": 0,
    "n_classes_missing_pos": 0,
    "n_classes_scored": 86,
    "n_classes_total": 86,
    "nll": 1.560017669694572,
    "nll_loss": 1.560017669694572,
    "objective_loss": 1.560017669694572,
    "tail_class_ids": [
      0,
      14,
      35,
      38,
      44,
      45,
      77,
      41,
      42,
      25,
      51,
      62,
      27,
      61,
      30,
      40,
      43,
      79
    ],
    "tail_definition": "bottom_20pct_train_support_including_zero",
    "tail_k": 18,
    "tail_macro_pr_auc_ovr": 0.17336636130409644,
    "tail_n_classes_scored": 18
  }
}