{
  "objective_config": {
    "colsample_bytree": 0.8,
    "early_stopping_rounds": 30,
    "ecfp_bits": 2048,
    "ecfp_radius": 2,
    "learning_rate": 0.05,
    "max_depth": 8,
    "min_child_weight": 1.0,
    "model_family": "xgboost",
    "n_estimators": 600,
    "num_classes_total": 86,
    "num_classes_trained": 86,
    "pair_representation": "sorted_concat_ecfp4",
    "reg_lambda": 1.0,
    "run_seed": 46,
    "subsample": 0.8,
    "tree_method": "hist",
    "use_class_weights": false
  },
  "summary": {
    "accuracy": 0.8565172054223149,
    "kappa": 0.8281761333210125,
    "macro_f1": 0.8039712172290248,
    "macro_pr_auc_ovr": 0.8687476155728063,
    "macro_roc_auc_ovr": 0.9892779999941193,
    "micro_f1": 0.8565172054223149,
    "nll_loss": 0.4806112004140342,
    "objective_loss": 0.4806112004140342,
    "tail_macro_pr_auc_ovr": 0.7317185511299955
  },
  "tail_definition": {
    "fraction": 0.2,
    "include_zero_count": true,
    "tail_class_ids": [
      25,
      41,
      0,
      51,
      27,
      42,
      61,
      43,
      30,
      40,
      6,
      45,
      49,
      85,
      77,
      78,
      44,
      64
    ],
    "tail_k": 18
  },
  "uncalibrated": {
    "accuracy": 0.8565172054223149,
    "brier_score": 0.22569353521070817,
    "cohen_kappa": 0.8281761333210125,
    "ece": 0.09202349925757512,
    "kappa": 0.8281761333210125,
    "loss": 0.4806112004140342,
    "macro_f1": 0.8039712172290248,
    "macro_f1_present_only": 0.8039712172290248,
    "macro_pr_auc_ovr": 0.8687476155728063,
    "macro_roc_auc_ovr": 0.9892779999941193,
    "micro_f1": 0.8565172054223149,
    "n_classes_missing_neg": 0,
    "n_classes_missing_pos": 0,
    "n_classes_scored": 86,
    "n_classes_total": 86,
    "nll": 0.4806112004140342,
    "nll_loss": 0.4806112004140342,
    "objective_loss": 0.4806112004140342,
    "tail_class_ids": [
      25,
      41,
      0,
      51,
      27,
      42,
      61,
      43,
      30,
      40,
      6,
      45,
      49,
      85,
      77,
      78,
      44,
      64
    ],
    "tail_definition": "bottom_20pct_train_support_including_zero",
    "tail_k": 18,
    "tail_macro_pr_auc_ovr": 0.7317185511299955,
    "tail_n_classes_scored": 18
  }
}