{
  "objective_config": {
    "use_class_weights": false,
    "class_weight_method": "inv_sqrt",
    "class_weight_normalize": "sample_mean",
    "class_weight_beta": 0.9999,
    "class_weight_clip_min": 0.25,
    "class_weight_clip_max": 4.0,
    "class_weight_eps": 1e-12,
    "label_smoothing": 0.0,
    "logit_adjust_tau": 0.5,
    "logit_adjust_eps": 1e-12
  },
  "tail_definition": {
    "fraction": 0.2,
    "include_zero_count": true,
    "tail_k": 18,
    "tail_class_ids": [
      0,
      12,
      21,
      30,
      58,
      64,
      85,
      34,
      41,
      42,
      25,
      78,
      27,
      43,
      51,
      40,
      61,
      22
    ]
  },
  "uncalibrated": {
    "accuracy": 0.6324617554518824,
    "macro_f1": 0.48132510165834347,
    "micro_f1": 0.6324617554518824,
    "cohen_kappa": 0.5560814275610215,
    "brier_score": 0.5534534454345703,
    "ece": 0.1696676152665845,
    "nll": 1.682137131690979,
    "n_classes_total": 86.0,
    "n_classes_missing_pos": 1.0,
    "n_classes_missing_neg": 0.0,
    "macro_roc_auc_ovr": 0.9464284542059503,
    "macro_pr_auc_ovr": 0.5642852590479366,
    "n_classes_scored": 85.0,
    "tail_k": 18.0,
    "tail_definition": "bottom_20pct_train_support_including_zero",
    "tail_class_ids": [
      0,
      12,
      21,
      30,
      58,
      64,
      85,
      34,
      41,
      42,
      25,
      78,
      27,
      43,
      51,
      40,
      61,
      22
    ],
    "tail_macro_pr_auc_ovr": 0.18884177797438773,
    "tail_n_classes_scored": 17.0,
    "macro_f1_present_only": 0.48132510165834347,
    "kappa": 0.5560814275610215,
    "objective_loss": 1.6821513207005072,
    "nll_loss": 1.6821513207005072,
    "loss": 1.6821513207005072
  },
  "summary": {
    "objective_loss": 1.6821513207005072,
    "nll_loss": 1.6821513207005072,
    "macro_f1": 0.48132510165834347,
    "micro_f1": 0.6324617554518824,
    "accuracy": 0.6324617554518824,
    "kappa": 0.5560814275610215,
    "macro_pr_auc_ovr": 0.5642852590479366,
    "tail_macro_pr_auc_ovr": 0.18884177797438773,
    "macro_roc_auc_ovr": 0.9464284542059503
  }
}