{
  "calibrated": {
    "accuracy": 0.40116046418567425,
    "brier_score": 0.819414496421814,
    "ece": 0.14912705572278034,
    "nll": 2.9680402278900146
  },
  "temperature": 3.99638295173645,
  "uncalibrated": {
    "accuracy": 0.40116046418567425,
    "brier_score": 0.9369534850120544,
    "ece": 0.3629732641304622,
    "nll": 6.287448883056641
  }
}