{
  "calibrated": {
    "accuracy": 0.4317158579289645,
    "brier_score": 0.7275139689445496,
    "ece": 0.04503686966122002,
    "nll": 2.0571742057800293
  },
  "temperature": 2.1812548637390137,
  "uncalibrated": {
    "accuracy": 0.4317158579289645,
    "brier_score": 0.8008059859275818,
    "ece": 0.2503562159854928,
    "nll": 2.7283194065093994
  }
}