{
  "calibrated": {
    "accuracy": 0.205,
    "brier_score": 0.9419208765029907,
    "ece": 0.0500978919863701,
    "nll": 3.72149658203125
  },
  "temperature": 0.6358026266098022,
  "uncalibrated": {
    "accuracy": 0.205,
    "brier_score": 0.9558241367340088,
    "ece": 0.1114740091562271,
    "nll": 3.8670499324798584
  }
}