pair_id,which,target_class,pred_prob_target,delta_ins_base,delta_del_base,delta_ins_weight_randomized,delta_del_weight_randomized,delta_ins_label_permuted,delta_del_label_permuted,random_baseline_unique_ratio,rank_jaccard_weight_randomized,rank_jaccard_label_permuted,orientation_ok_base
test_diag_0,A,48,0.1072157546877861,-3.990031778812464e-05,-3.883786499500608e-05,1.0038912296294472e-06,3.6108307540430595e-06,-3.864169120788852e-05,-1.7625093460080232e-05,1.0,0.8181818181818182,1.0,True
test_diag_0,B,48,0.1072157546877861,0.00011342143019039963,0.0001659938134253025,1.450340884428386e-06,2.5900565863903185e-06,0.0005293961148709059,0.000759765893841774,1.0,0.8181818181818182,1.0,True
test_diag_1,A,48,0.0986248105764389,-9.643022091158221e-05,-0.00011808866815220947,-3.929430198289924e-07,2.209112168319316e-06,-0.00017555977307981419,-0.0001310113096429505,1.0,1.0,1.0,True
test_diag_1,B,48,0.0986248105764389,2.629682421684265e-05,5.588307976728268e-06,-1.9637867808355858e-06,-1.8854315082233314e-06,-0.0001168931523958805,-0.00016903827587763653,1.0,1.0,0.8181818181818182,True
