{
  "batch_has_weight_diversity": false,
  "eval_nll_loss": 3.867049980163574,
  "eval_objective_loss": 3.867049980163574,
  "loss_config": {
    "class_counts": [
      1,
      1,
      1,
      5,
      2,
      1,
      1,
      1,
      4,
      1,
      2,
      1,
      1,
      1,
      0,
      3,
      1,
      1,
      1,
      4,
      1,
      1,
      2,
      1,
      1,
      1,
      1,
      1,
      1,
      1,
      1,
      2,
      1,
      1,
      1,
      0,
      3,
      1,
      1,
      1,
      1,
      1,
      1,
      0,
      1,
      1,
      20,
      1,
      47,
      0,
      1,
      1,
      1,
      2,
      1,
      1,
      1,
      1,
      1,
      7,
      1,
      1,
      1,
      1,
      1,
      1,
      2,
      1,
      1,
      6,
      1,
      2,
      14,
      1,
      9,
      1,
      1,
      1,
      1,
      1,
      1,
      1,
      2,
      1,
      1,
      0
    ],
    "class_weight_beta": 0.9999,
    "class_weight_clip_max": 20.0,
    "class_weight_clip_min": 0.25,
    "class_weight_eps": 1e-12,
    "class_weight_max": null,
    "class_weight_method": "inv_sqrt",
    "class_weight_min": null,
    "label_smoothing": 0.0,
    "mean_after_clipping": 1.235450713477011,
    "mean_after_normalization": 1.0,
    "use_class_weights": false
  },
  "manual_objective_loss_batch": 3.7296133041381836,
  "nll_loss_batch": 3.7296133041381836,
  "objective_abs_diff": 0.0,
  "objective_loss_batch": 3.7296133041381836,
  "objective_minus_nll_batch": 0.0
}