{
  "batch_has_weight_diversity": false,
  "eval_nll_loss": 2.7340696630864336,
  "eval_objective_loss": 6.826712603566645,
  "loss_config": {
    "class_counts": [
      8,
      112,
      375,
      3124,
      184,
      1564,
      15,
      27,
      943,
      220,
      156,
      124,
      35,
      190,
      0,
      2928,
      61,
      54,
      31,
      2663,
      303,
      68,
      25,
      112,
      333,
      4,
      463,
      4,
      186,
      396,
      10,
      561,
      239,
      140,
      49,
      0,
      1794,
      12,
      56,
      196,
      10,
      4,
      2,
      0,
      23,
      19,
      16964,
      26,
      32028,
      0,
      27,
      4,
      190,
      713,
      67,
      22,
      406,
      290,
      32,
      4056,
      202,
      1,
      22,
      459,
      27,
      11,
      579,
      142,
      136,
      3811,
      285,
      948,
      12009,
      238,
      5742,
      209,
      226,
      22,
      15,
      40,
      59,
      129,
      617,
      33,
      195,
      0
    ],
    "class_weight_beta": 0.9999,
    "class_weight_clip_max": 20.0,
    "class_weight_clip_min": 0.25,
    "class_weight_eps": 1e-12,
    "class_weight_max": 17.19995880126953,
    "class_weight_method": "inv_sqrt",
    "class_weight_min": 0.25,
    "label_smoothing": 0.0,
    "mean_after_clipping": 1.2354627092230988,
    "mean_after_normalization": 1.0000000000000002,
    "use_class_weights": true
  },
  "manual_objective_loss_batch": 3.1944632530212402,
  "nll_loss_batch": 3.1944632530212402,
  "objective_abs_diff": 0.0,
  "objective_loss_batch": 3.1944632530212402,
  "objective_minus_nll_batch": 0.0
}