{
  "manual": {
    "accuracy_manual": 0.40116046418567425,
    "kappa_manual_all_labels": 0.23227701681573,
    "macro_f1_manual_present_only": 0.17068859663062208,
    "micro_f1_manual_all_labels": 0.40116046418567425
  },
  "probability_checks": {
    "row_sum_max_abs_err": 5.960464477539062e-07,
    "row_sum_mean": 1.0,
    "row_sum_std": 1.2241011404512392e-07
  },
  "reported": {
    "accuracy": 0.40116046418567425,
    "brier_score": 0.9369534850120544,
    "cohen_kappa": 0.23227701681573,
    "ece": 0.3629732641304622,
    "macro_f1": 0.17068859663062208,
    "macro_pr_auc_ovr": 0.21070795648415291,
    "macro_pr_auc_ovr_excluded_classes": [
      0,
      2,
      6,
      12,
      21,
      25,
      27,
      30,
      34,
      40,
      41,
      44,
      45,
      55,
      58,
      61,
      62,
      64,
      77,
      78,
      80
    ],
    "macro_pr_auc_ovr_included_classes": [
      1,
      3,
      4,
      5,
      7,
      8,
      9,
      10,
      11,
      13,
      14,
      15,
      16,
      17,
      18,
      19,
      20,
      22,
      23,
      24,
      26,
      28,
      29,
      31,
      32,
      33,
      35,
      36,
      37,
      38,
      39,
      42,
      43,
      46,
      47,
      48,
      49,
      50,
      51,
      52,
      53,
      54,
      56,
      57,
      59,
      60,
      63,
      65,
      66,
      67,
      68,
      69,
      70,
      71,
      72,
      73,
      74,
      75,
      76,
      79,
      81,
      82,
      83,
      84,
      85
    ],
    "macro_roc_auc_ovr": 0.7249839814665284,
    "macro_roc_auc_ovr_excluded_classes": [
      0,
      2,
      6,
      12,
      21,
      25,
      27,
      30,
      34,
      40,
      41,
      44,
      45,
      55,
      58,
      61,
      62,
      64,
      77,
      78,
      80
    ],
    "macro_roc_auc_ovr_included_classes": [
      1,
      3,
      4,
      5,
      7,
      8,
      9,
      10,
      11,
      13,
      14,
      15,
      16,
      17,
      18,
      19,
      20,
      22,
      23,
      24,
      26,
      28,
      29,
      31,
      32,
      33,
      35,
      36,
      37,
      38,
      39,
      42,
      43,
      46,
      47,
      48,
      49,
      50,
      51,
      52,
      53,
      54,
      56,
      57,
      59,
      60,
      63,
      65,
      66,
      67,
      68,
      69,
      70,
      71,
      72,
      73,
      74,
      75,
      76,
      79,
      81,
      82,
      83,
      84,
      85
    ],
    "micro_f1": 0.40116046418567425,
    "nll": 6.287448883056641,
    "nll_loss": 6.297368351103259,
    "objective_loss": 6.297368351103259
  }
}