{
  "eps": 1e-12,
  "log_priors": [
    -8.87386813535483,
    -6.049093659944612,
    -5.899797358582153,
    -3.8490482062667586,
    -6.5431121653942155,
    -3.7924637703705075,
    -8.740336742730324,
    -8.180720954794955,
    -4.77477297037427,
    -5.757183251383312,
    -6.040654791298747,
    -6.265901392809734,
    -38.45079940033883,
    -6.287178791257018,
    -6.287178791257018,
    -3.3761146012946934,
    -7.641724454062298,
    -7.487573774235045,
    -7.156216638280613,
    -3.4744134439934156,
    -6.388961485566959,
    -7.7752558466868145,
    -8.334871634622202,
    -7.293417759794094,
    -5.744604469176451,
    -9.721165995741842,
    -5.122684797904877,
    -38.45079940033883,
    -6.676643558018736,
    -6.725433722188168,
    -38.45079940033883,
    -4.793912310584968,
    -5.822566010646163,
    -6.948577273502373,
    -10.819778284409285,
    -7.182192124683873,
    -4.145216892595858,
    -8.622553707073955,
    -7.264430222920843,
    -6.571283042360911,
    -9.433483923290144,
    -10.819778284409285,
    -9.721165995741842,
    -9.210340371975985,
    -7.98656494035401,
    -8.25482892694867,
    -1.645894449444717,
    -7.354042381610527,
    -1.1477815246761953,
    -38.45079940033883,
    -7.728735831051924,
    -9.721165995741842,
    -6.297989707361234,
    -5.16029606865066,
    -6.887952651685939,
    -38.45079940033883,
    -5.5065723053684925,
    -5.177871213472168,
    -7.7752558466868145,
    -3.3861117442441158,
    -5.776353167491032,
    -9.028018815182064,
    -8.111728083308009,
    -5.421615582892527,
    -10.819778284409285,
    -7.013115794639943,
    -5.318520073865554,
    -6.794426593675118,
    -6.265901392809734,
    -3.303344981494652,
    -5.516473376351204,
    -4.760655088828486,
    -2.1555453503447324,
    -6.137647057286056,
    -3.064011114307287,
    -5.588669667555693,
    -5.463192009738267,
    -8.334871634622202,
    -10.126631103849839,
    -7.728735831051924,
    -7.182192124683873,
    -6.450330431943251,
    -5.0086372914335815,
    -7.523941418405919,
    -5.863951226809017,
    -38.45079940033883
  ],
  "num_classes": 86,
  "priors": [
    0.00014000000000001975,
    0.0023600000000000157,
    0.002740000000000015,
    0.021299999999999982,
    0.0014400000000000174,
    0.02253999999999998,
    0.00016000000000001972,
    0.0002800000000000195,
    0.008440000000000007,
    0.0031600000000000144,
    0.002380000000000016,
    0.0019000000000000165,
    1.9999999999999964e-17,
    0.0018600000000000166,
    0.0018600000000000166,
    0.03417999999999996,
    0.00048000000000001915,
    0.000560000000000019,
    0.0007800000000000186,
    0.030979999999999962,
    0.001680000000000017,
    0.0004200000000000192,
    0.00024000000000001958,
    0.0006800000000000188,
    0.0032000000000000145,
    6.00000000000199e-05,
    0.00596000000000001,
    1.9999999999999964e-17,
    0.0012600000000000178,
    0.001200000000000018,
    1.9999999999999964e-17,
    0.008280000000000006,
    0.0029600000000000147,
    0.0009600000000000183,
    2.0000000000019968e-05,
    0.0007600000000000187,
    0.015839999999999993,
    0.0001800000000000197,
    0.0007000000000000189,
    0.0014000000000000175,
    8.000000000001986e-05,
    2.0000000000019968e-05,
    6.00000000000199e-05,
    0.00010000000000001983,
    0.0003400000000000194,
    0.00026000000000001955,
    0.1928399999999997,
    0.0006400000000000189,
    0.31733999999999946,
    1.9999999999999964e-17,
    0.0004400000000000192,
    6.00000000000199e-05,
    0.0018400000000000168,
    0.005740000000000011,
    0.0010200000000000183,
    1.9999999999999964e-17,
    0.004060000000000012,
    0.0056400000000000105,
    0.0004200000000000192,
    0.03383999999999996,
    0.0031000000000000146,
    0.00012000000000001979,
    0.0003000000000000195,
    0.0044200000000000125,
    2.0000000000019968e-05,
    0.0009000000000000185,
    0.004900000000000011,
    0.0011200000000000181,
    0.0019000000000000165,
    0.03675999999999995,
    0.004020000000000013,
    0.008560000000000005,
    0.11583999999999982,
    0.002160000000000016,
    0.046699999999999936,
    0.0037400000000000133,
    0.004240000000000013,
    0.00024000000000001958,
    4.000000000001993e-05,
    0.0004400000000000192,
    0.0007600000000000187,
    0.0015800000000000172,
    0.006680000000000009,
    0.000540000000000019,
    0.002840000000000015,
    1.9999999999999964e-17
  ]
}