{
  "eps": 1e-12,
  "log_priors": [
    -38.76563933683293,
    -6.178791163303115,
    -5.821412241862591,
    -3.906955722175728,
    -6.443270338675231,
    -3.7543624324779232,
    -8.649711571116299,
    -6.251816298318005,
    -4.579261329093717,
    -5.539906841302541,
    -6.259420897703224,
    -6.236778420953464,
    -38.76563933683293,
    -5.975562921689849,
    -6.452486993780155,
    -3.651373804830533,
    -8.36202949866454,
    -7.263417209996471,
    -7.3279557311340415,
    -3.437951139377921,
    -6.407230402192034,
    -38.76563933683293,
    -9.055176679224422,
    -7.263417209996471,
    -5.394825308725146,
    -9.748323859784243,
    -5.302735743620864,
    -9.525180308470084,
    -6.7038014220610584,
    -5.782760087428312,
    -38.76563933683293,
    -4.737688565688235,
    -5.914262395826054,
    -6.39841977250988,
    -11.134618220903384,
    -7.127285035671894,
    -4.0940818306884275,
    -8.426568019802106,
    -6.612829643855332,
    -6.570270029436537,
    -9.188708071848927,
    -11.134618220903384,
    -10.036005932235941,
    -9.342858751676161,
    -8.090095783180914,
    -8.244246463008164,
    -1.7264110807987836,
    -8.426568019802106,
    -1.120752760898646,
    -8.426568019802106,
    -7.802413710729144,
    -9.342858751676161,
    -6.41611934960928,
    -4.9968911668181475,
    -6.975735137544696,
    -8.244246463008164,
    -5.687880849238069,
    -5.02093604107215,
    -38.76563933683293,
    -3.204771791161879,
    -5.782760087428312,
    -9.188708071848927,
    -8.244246463008164,
    -5.434174647513694,
    -38.76563933683293,
    -6.915110515728262,
    -5.25408523450368,
    -6.389686092541125,
    -6.207364535747171,
    -3.265981326720216,
    -5.475136005144759,
    -4.752802203498284,
    -2.1658399857664286,
    -6.157884478483802,
    -3.099663196402224,
    -5.597283953885843,
    -5.952834670612293,
    -8.19017924173789,
    -9.748323859784243,
    -7.802413710729144,
    -7.579270159414941,
    -6.185858330526208,
    -5.02093604107215,
    -8.426568019802106,
    -5.782760087428312,
    -38.76563933683293
  ],
  "num_classes": 86,
  "priors": [
    1.459811392368104e-17,
    0.0020729321771627224,
    0.002963417126507266,
    0.020101602872908807,
    0.001591194417681248,
    0.023415374733584404,
    0.0001751773670841871,
    0.001926951037925912,
    0.010262474088347788,
    0.003926892645470215,
    0.001912352924002231,
    0.001956147265773274,
    1.459811392368104e-17,
    0.002540071822720516,
    0.001576596303757567,
    0.025955446556304905,
    0.00023356982277891123,
    0.0007007094683367046,
    0.0006569151265656615,
    0.032130448746021986,
    0.0016495868733759722,
    1.459811392368104e-17,
    0.00011678491138946293,
    0.0007007094683367046,
    0.004540013430264819,
    5.8392455694738765e-05,
    0.00497795684797525,
    7.29905696184198e-05,
    0.001226241569589222,
    0.003080202037896714,
    1.459811392368104e-17,
    0.00875886835420864,
    0.0027006510758810073,
    0.0016641849872996532,
    1.4598113923695642e-05,
    0.0008028962658024719,
    0.016671046100843762,
    0.00021897170885523023,
    0.0013430264809786703,
    0.0014014189366733946,
    0.00010218679746578189,
    1.4598113923695642e-05,
    4.3794341771057725e-05,
    8.758868354210085e-05,
    0.00030656039239731646,
    0.0002627660506262733,
    0.17792181250182457,
    0.00021897170885523023,
    0.3260342763714924,
    0.00021897170885523023,
    0.00040874718986308375,
    8.758868354210085e-05,
    0.0016349887594522912,
    0.006758926746664337,
    0.0009342792911156012,
    0.0002627660506262733,
    0.0033867624302940163,
    0.0065983474935038455,
    1.459811392368104e-17,
    0.04056815859390963,
    0.003080202037896714,
    0.00010218679746578189,
    0.0002627660506262733,
    0.004364836063180646,
    1.459811392368104e-17,
    0.0009926717468103253,
    0.005226124784677828,
    0.0016787831012233343,
    0.0020145397214679983,
    0.038159469796502254,
    0.004189658696096474,
    0.00862748532889551,
    0.11465358675659092,
    0.0021167265189337655,
    0.045064377682403386,
    0.003707920936614999,
    0.00259846427841524,
    0.0002773641645499544,
    5.8392455694738765e-05,
    0.00040874718986308375,
    0.000510933987328851,
    0.0020583340632390414,
    0.0065983474935038455,
    0.00021897170885523023,
    0.003080202037896714,
    1.459811392368104e-17
  ]
}