{
  "eps": 1e-12,
  "log_priors": [
    -38.76792861831334,
    -6.511934689100513,
    -5.619454605920081,
    -3.6419212684342597,
    -6.806174162098449,
    -4.2261567144228565,
    -8.652000852596709,
    -6.292720415926194,
    -4.571642532349431,
    -5.390704311844637,
    -6.454776275260564,
    -6.993772775993245,
    -7.878810964363273,
    -5.895160487325146,
    -38.76792861831334,
    -3.7417999558223074,
    -7.671171599585035,
    -7.735710120722604,
    -6.8884122603354205,
    -3.539009551863009,
    -6.030962028484207,
    -7.702920297899615,
    -8.652000852596709,
    -6.706090703541468,
    -5.480915691564937,
    -10.443760321824348,
    -5.403566225487045,
    -9.345148033156573,
    -6.511934689100513,
    -5.505695720563424,
    -9.057465960704832,
    -5.42648048500992,
    -5.707561873430349,
    -5.900465539554839,
    -7.448028048270832,
    -38.76792861831334,
    -4.07385933899662,
    -8.246535744488574,
    -38.76792861831334,
    -6.5725593109169465,
    -9.057465960704832,
    -11.136907502383794,
    -11.136907502383794,
    -9.057465960704832,
    -38.76792861831334,
    -38.76792861831334,
    -1.7700763336491774,
    -8.652000852596709,
    -1.116526198377166,
    -8.497850172769464,
    -8.0014132864556,
    -9.750613141264653,
    -6.254105579798415,
    -4.7316790443539505,
    -7.841070636380428,
    -8.092385064661324,
    -5.7163725031125034,
    -5.591730057905227,
    -8.045865049026432,
    -3.0741596012984385,
    -6.978024419025106,
    -9.345148033156573,
    -9.750613141264653,
    -5.599573235366253,
    -8.141175228830752,
    -6.947252760358353,
    -5.480915691564937,
    -6.541787652250194,
    -7.610546977768602,
    -3.1104105634393804,
    -5.78979997166732,
    -4.661474785680702,
    -2.1159133021395293,
    -6.0999548999711575,
    -2.8738326665821963,
    -6.81941938884847,
    -5.52743570719983,
    -38.76792861831334,
    -8.303694158328518,
    -8.739012229586333,
    -8.1924685232183,
    -6.531737316396692,
    -5.150455497100353,
    -7.671171599585035,
    -6.5725593109169465,
    -8.428857301282516
  ],
  "num_classes": 86,
  "priors": [
    1.456473295562124e-17,
    0.001485602761473381,
    0.0036266185059497034,
    0.026201954587162624,
    0.0011069197046272288,
    0.014608427154488119,
    0.00017477679546746945,
    0.001849721085363912,
    0.010340960398491096,
    0.004558761415109463,
    0.0015729911592071084,
    0.0009175781762041527,
    0.00037868305684616676,
    0.0027527345286124287,
    1.456473295562124e-17,
    0.023711385251751392,
    0.00046607145457989427,
    0.00043694198866865176,
    0.0010195313068935012,
    0.029042077513508766,
    0.002403180937677519,
    0.000451506721624273,
    0.00017477679546746945,
    0.0012234375682721986,
    0.004165513625307689,
    2.9129465911257046e-05,
    0.004500502483286978,
    8.7388397733742e-05,
    0.001485602761473381,
    0.004063560494618341,
    0.00011651786364498449,
    0.00439854935259763,
    0.003320759113881657,
    0.0027381697956568077,
    0.0005825893182248642,
    1.456473295562124e-17,
    0.017011608092165623,
    0.00026216519320119687,
    1.456473295562124e-17,
    0.0013982143637396535,
    0.00011651786364498449,
    1.4564732955635806e-05,
    1.4564732955635806e-05,
    0.00011651786364498449,
    1.456473295562124e-17,
    1.456473295562124e-17,
    0.17031998718303482,
    0.00017477679546746945,
    0.3274151968423655,
    0.00020390626137871192,
    0.00033498885797930304,
    5.825893182249953e-05,
    0.0019225447501420182,
    0.008811663438150865,
    0.00039324778980178804,
    0.0003058593920680606,
    0.0032916296479704146,
    0.003728571636639052,
    0.0003204241250236818,
    0.04622846240114183,
    0.0009321429091597739,
    8.7388397733742e-05,
    5.825893182249953e-05,
    0.0036994421707278093,
    0.0002912946591124393,
    0.0009612723750710163,
    0.004165513625307689,
    0.0014419085626065174,
    0.0004952009204911368,
    0.04458264757715663,
    0.003058593920680475,
    0.0094525116881982,
    0.12052316520776579,
    0.0022429688751656853,
    0.05648203440189918,
    0.0010923549716716076,
    0.003976172096884613,
    1.456473295562124e-17,
    0.00024760046024557565,
    0.0001602120625118482,
    0.0002767299261568181,
    0.0014564732955621386,
    0.005796763716337268,
    0.00046607145457989427,
    0.0013982143637396535,
    0.00021847099433433317
  ]
}