{
  "objective_config": {
    "use_class_weights": false,
    "class_weight_method": "inv_sqrt",
    "class_weight_normalize": "sample_mean",
    "class_weight_beta": 0.9999,
    "class_weight_clip_min": 0.25,
    "class_weight_clip_max": 4.0,
    "class_weight_eps": 1e-12,
    "label_smoothing": 0.0,
    "logit_adjust_tau": 0.0,
    "logit_adjust_eps": 1e-12
  },
  "tail_definition": {
    "fraction": 0.2,
    "include_zero_count": true,
    "tail_k": 18,
    "tail_class_ids": [
      12,
      21,
      30,
      34,
      85,
      6,
      64,
      25,
      41,
      27,
      0,
      42,
      51,
      43,
      40,
      61,
      78,
      37
    ]
  },
  "uncalibrated": {
    "accuracy": 0.5961105336105336,
    "macro_f1": 0.4290196825082093,
    "micro_f1": 0.5961105336105336,
    "cohen_kappa": 0.5074449067613447,
    "brier_score": 0.5718213319778442,
    "ece": 0.131995151826256,
    "nll": 1.6176007986068726,
    "n_classes_total": 86.0,
    "n_classes_missing_pos": 0.0,
    "n_classes_missing_neg": 0.0,
    "macro_roc_auc_ovr": 0.9168643430275971,
    "macro_pr_auc_ovr": 0.49311761115175295,
    "n_classes_scored": 86.0,
    "tail_k": 18.0,
    "tail_definition": "bottom_20pct_train_support_including_zero",
    "tail_class_ids": [
      12,
      21,
      30,
      34,
      85,
      6,
      64,
      25,
      41,
      27,
      0,
      42,
      51,
      43,
      40,
      61,
      78,
      37
    ],
    "tail_macro_pr_auc_ovr": 0.1507005198050434,
    "tail_n_classes_scored": 18.0,
    "macro_f1_present_only": 0.4290196825082093,
    "kappa": 0.5074449067613447,
    "objective_loss": 1.618857606600038,
    "nll_loss": 1.618857606600038,
    "loss": 1.618857606600038
  },
  "summary": {
    "objective_loss": 1.618857606600038,
    "nll_loss": 1.618857606600038,
    "macro_f1": 0.4290196825082093,
    "micro_f1": 0.5961105336105336,
    "accuracy": 0.5961105336105336,
    "kappa": 0.5074449067613447,
    "macro_pr_auc_ovr": 0.49311761115175295,
    "tail_macro_pr_auc_ovr": 0.1507005198050434,
    "macro_roc_auc_ovr": 0.9168643430275971
  }
}