{
  "objective_config": {
    "use_class_weights": false,
    "class_weight_method": "inv_sqrt",
    "class_weight_normalize": "sample_mean",
    "class_weight_beta": 0.9999,
    "class_weight_clip_min": 0.25,
    "class_weight_clip_max": 4.0,
    "class_weight_eps": 0.001,
    "label_smoothing": 0.0,
    "logit_adjust_tau": 0.5,
    "logit_adjust_eps": 1e-12
  },
  "tail_definition": {
    "fraction": 0.2,
    "include_zero_count": true,
    "tail_k": 18,
    "tail_class_ids": [
      0,
      14,
      35,
      38,
      44,
      45,
      77,
      41,
      42,
      25,
      51,
      62,
      27,
      61,
      30,
      40,
      43,
      79
    ]
  },
  "uncalibrated": {
    "accuracy": 0.6241265971572234,
    "macro_f1": 0.45121553027274297,
    "micro_f1": 0.6241265971572234,
    "cohen_kappa": 0.5473882856142944,
    "brier_score": 0.579940676689148,
    "ece": 0.209143736581085,
    "nll": 2.0717954635620117,
    "n_classes_total": 86.0,
    "n_classes_missing_pos": 0.0,
    "n_classes_missing_neg": 0.0,
    "macro_roc_auc_ovr": 0.9441498449294601,
    "macro_pr_auc_ovr": 0.5047546734065602,
    "n_classes_scored": 86.0,
    "tail_k": 18.0,
    "tail_definition": "bottom_20pct_train_support_including_zero",
    "tail_class_ids": [
      0,
      14,
      35,
      38,
      44,
      45,
      77,
      41,
      42,
      25,
      51,
      62,
      27,
      61,
      30,
      40,
      43,
      79
    ],
    "tail_macro_pr_auc_ovr": 0.1804147138002371,
    "tail_n_classes_scored": 18.0,
    "macro_f1_present_only": 0.45121553027274297,
    "kappa": 0.5473882856142944,
    "objective_loss": 2.075933085065058,
    "nll_loss": 2.075933085065058,
    "loss": 2.075933085065058
  },
  "summary": {
    "objective_loss": 2.075933085065058,
    "nll_loss": 2.075933085065058,
    "macro_f1": 0.45121553027274297,
    "micro_f1": 0.6241265971572234,
    "accuracy": 0.6241265971572234,
    "kappa": 0.5473882856142944,
    "macro_pr_auc_ovr": 0.5047546734065602,
    "tail_macro_pr_auc_ovr": 0.1804147138002371,
    "macro_roc_auc_ovr": 0.9441498449294601
  }
}