{
  "objective_config": {
    "use_class_weights": true,
    "class_weight_method": "effective_num",
    "class_weight_beta": 0.9999,
    "class_weight_clip_min": 0.25,
    "class_weight_clip_max": 20.0,
    "class_weight_eps": 1e-12,
    "label_smoothing": 0.0
  },
  "uncalibrated": {
    "accuracy": 0.3832523953274708,
    "macro_f1": 0.1777527639159902,
    "micro_f1": 0.3832523953274708,
    "cohen_kappa": 0.22986342290619366,
    "brier_score": 0.793048620223999,
    "ece": 0.1768172777869411,
    "nll": 2.320826292037964,
    "macro_roc_auc_ovr": 0.8310288968141851,
    "macro_pr_auc_ovr": 0.23627440463203273,
    "macro_f1_present_only": 0.1777527639159902,
    "kappa": 0.22986342290619366,
    "objective_loss": 4.9915071406973395,
    "nll_loss": 2.321785766553622,
    "loss": 4.9915071406973395
  },
  "summary": {
    "objective_loss": 4.9915071406973395,
    "nll_loss": 2.321785766553622,
    "macro_f1": 0.1777527639159902,
    "micro_f1": 0.3832523953274708,
    "accuracy": 0.3832523953274708,
    "kappa": 0.22986342290619366,
    "macro_pr_auc_ovr": 0.23627440463203273,
    "macro_roc_auc_ovr": 0.8310288968141851
  }
}