{
  "beta": 0.9999,
  "clip_max": 4.0,
  "clip_min": 0.25,
  "cv_seen": 0.33609362995297093,
  "enabled": true,
  "eps": 1e-12,
  "max_weight": 4.0,
  "mean_after_clipping": 3.0939074686671066,
  "mean_after_normalization": 1.0,
  "mean_seen_after_clipping": 3.279443573485712,
  "method": "inv_sqrt",
  "min_weight": 0.3303101436401005,
  "n_seen": 79,
  "n_unseen": 7,
  "normalize": "sample_mean",
  "sat_max_seen": 0.5949367088607594,
  "sat_min_seen": 0.0,
  "unique_seen_weights": 32,
  "weights": [
    1.0,
    4.0,
    3.4418888092041016,
    1.3555927276611328,
    4.0,
    1.2143641710281372,
    4.0,
    4.0,
    1.8485908508300781,
    3.003373622894287,
    4.0,
    4.0,
    1.0,
    3.7259538173675537,
    4.0,
    1.1651252508163452,
    4.0,
    4.0,
    4.0,
    1.0598373413085938,
    4.0,
    1.0,
    4.0,
    4.0,
    2.779575824737549,
    4.0,
    2.655474901199341,
    4.0,
    4.0,
    3.3222286701202393,
    1.0,
    1.9960665702819824,
    3.6280694007873535,
    4.0,
    4.0,
    4.0,
    1.4570677280426025,
    4.0,
    4.0,
    4.0,
    4.0,
    4.0,
    4.0,
    4.0,
    4.0,
    4.0,
    0.4459093511104584,
    4.0,
    0.3303101360797882,
    4.0,
    4.0,
    4.0,
    4.0,
    2.2962939739227295,
    4.0,
    4.0,
    3.281712055206299,
    2.2962939739227295,
    1.0,
    0.9404863119125366,
    3.5754857063293457,
    4.0,
    4.0,
    2.8292150497436523,
    1.0,
    4.0,
    2.5895214080810547,
    4.0,
    4.0,
    0.9504740834236145,
    2.9020254611968994,
    2.0281524658203125,
    0.5589858889579773,
    4.0,
    0.8960902690887451,
    3.082631826400757,
    3.6690657138824463,
    4.0,
    4.0,
    4.0,
    4.0,
    4.0,
    2.375128984451294,
    4.0,
    3.375049591064453,
    1.0
  ]
}