{
  "eps": 1e-12,
  "log_priors": [
    -38.45079940033883,
    -6.265901392809734,
    -5.809142990314022,
    -3.9455797889569895,
    -6.502290170873961,
    -3.725543438485529,
    -8.517193191416139,
    -6.234810805739703,
    -4.565949472834809,
    -5.536574555672291,
    -6.214608098422183,
    -6.214608098422183,
    -38.45079940033883,
    -5.96774802049066,
    -6.400937676613675,
    -3.6427595185003843,
    -8.421883011611824,
    -7.182192124683873,
    -7.264430222920843,
    -3.4533331360826853,
    -6.489044944123941,
    -38.45079940033883,
    -8.740336742730324,
    -7.264430222920843,
    -5.381698975487085,
    -9.433483923290144,
    -5.290349196898857,
    -9.210340371975985,
    -6.725433722188168,
    -5.738373919425816,
    -38.45079940033883,
    -4.719459332390219,
    -5.914503505971848,
    -6.388961485566959,
    -10.819778284409285,
    -7.082108666126893,
    -4.089954213920809,
    -8.25482892694867,
    -6.615085665019304,
    -6.571283042360911,
    -9.028018815182064,
    -10.819778284409285,
    -9.721165995741842,
    -9.210340371975985,
    -8.180720954794955,
    -8.180720954794955,
    -1.7218230430288926,
    -8.334871634622202,
    -1.121655761836724,
    -8.334871634622202,
    -7.98656494035401,
    -9.210340371975985,
    -6.489044944123941,
    -4.99969535405792,
    -6.927957986299638,
    -8.25482892694867,
    -5.7138328105096985,
    -4.99969535405792,
    -38.45079940033883,
    -3.21438591959535,
    -5.8853043512795855,
    -9.210340371975985,
    -8.25482892694867,
    -5.417100902538001,
    -38.45079940033883,
    -6.812445099177796,
    -5.2400484584240585,
    -6.52931884326188,
    -6.165817934252752,
    -3.2355134660212252,
    -5.467920150934214,
    -4.7513526961661725,
    -2.1738401371034852,
    -6.1192979186178595,
    -3.1176739443592347,
    -5.588669667555693,
    -5.936976361823906,
    -7.9294065265140645,
    -9.433483923290144,
    -7.875339305243791,
    -7.641724454062298,
    -6.128430402181132,
    -5.067205645584648,
    -8.421883011611824,
    -5.769922277160742,
    -38.45079940033883
  ],
  "num_classes": 86,
  "priors": [
    1.9999999999999964e-17,
    0.0019000000000000165,
    0.003000000000000015,
    0.019339999999999986,
    0.0015000000000000174,
    0.024099999999999976,
    0.00020000000000001966,
    0.0019600000000000164,
    0.010400000000000003,
    0.003940000000000013,
    0.0020000000000000165,
    0.0020000000000000165,
    1.9999999999999964e-17,
    0.0025600000000000154,
    0.001660000000000017,
    0.026179999999999974,
    0.0002200000000000196,
    0.0007600000000000187,
    0.0007000000000000189,
    0.03163999999999996,
    0.0015200000000000172,
    1.9999999999999964e-17,
    0.00016000000000001972,
    0.0007000000000000189,
    0.004600000000000012,
    8.000000000001986e-05,
    0.0050400000000000115,
    0.00010000000000001983,
    0.001200000000000018,
    0.003220000000000014,
    1.9999999999999964e-17,
    0.008920000000000004,
    0.0027000000000000153,
    0.001680000000000017,
    2.0000000000019968e-05,
    0.0008400000000000186,
    0.01673999999999999,
    0.00026000000000001955,
    0.0013400000000000176,
    0.0014000000000000175,
    0.00012000000000001979,
    2.0000000000019968e-05,
    6.00000000000199e-05,
    0.00010000000000001983,
    0.0002800000000000195,
    0.0002800000000000195,
    0.17873999999999973,
    0.00024000000000001958,
    0.3257399999999995,
    0.00024000000000001958,
    0.0003400000000000194,
    0.00010000000000001983,
    0.0015200000000000172,
    0.006740000000000009,
    0.0009800000000000184,
    0.00026000000000001955,
    0.0033000000000000143,
    0.006740000000000009,
    1.9999999999999964e-17,
    0.040179999999999945,
    0.002780000000000015,
    0.00010000000000001983,
    0.00026000000000001955,
    0.0044400000000000125,
    1.9999999999999964e-17,
    0.001100000000000018,
    0.005300000000000011,
    0.0014600000000000173,
    0.0021000000000000164,
    0.03933999999999995,
    0.004220000000000013,
    0.008640000000000005,
    0.11373999999999981,
    0.002200000000000016,
    0.04425999999999994,
    0.0037400000000000133,
    0.002640000000000015,
    0.0003600000000000193,
    8.000000000001986e-05,
    0.0003800000000000193,
    0.00048000000000001915,
    0.002180000000000016,
    0.00630000000000001,
    0.0002200000000000196,
    0.0031200000000000143,
    1.9999999999999964e-17
  ]
}