{
  "objective_config": {
    "use_class_weights": false,
    "class_weight_method": "inv_sqrt",
    "class_weight_normalize": "sample_mean",
    "class_weight_beta": 0.9999,
    "class_weight_clip_min": 0.25,
    "class_weight_clip_max": 4.0,
    "class_weight_eps": 1e-12,
    "label_smoothing": 0.0,
    "logit_adjust_tau": 1.5,
    "logit_adjust_eps": 1e-12
  },
  "tail_definition": {
    "fraction": 0.2,
    "include_zero_count": true,
    "tail_k": 18,
    "tail_class_ids": [
      12,
      27,
      30,
      49,
      55,
      85,
      34,
      41,
      64,
      78,
      25,
      42,
      51,
      40,
      43,
      61,
      0,
      6
    ]
  },
  "uncalibrated": {
    "accuracy": 0.5450614869856168,
    "macro_f1": 0.3879216443026601,
    "micro_f1": 0.5450614869856168,
    "cohen_kappa": 0.44929930924537675,
    "brier_score": 0.6194590926170349,
    "ece": 0.11575995164586705,
    "nll": 1.630064845085144,
    "n_classes_total": 86.0,
    "n_classes_missing_pos": 4.0,
    "n_classes_missing_neg": 0.0,
    "macro_roc_auc_ovr": 0.9145823334449248,
    "macro_pr_auc_ovr": 0.4395209961602392,
    "n_classes_scored": 82.0,
    "tail_k": 18.0,
    "tail_definition": "bottom_20pct_train_support_including_zero",
    "tail_class_ids": [
      12,
      27,
      30,
      49,
      55,
      85,
      34,
      41,
      64,
      78,
      25,
      42,
      51,
      40,
      43,
      61,
      0,
      6
    ],
    "tail_macro_pr_auc_ovr": 0.13430732417738553,
    "tail_n_classes_scored": 14.0,
    "macro_f1_present_only": 0.3879216443026601,
    "kappa": 0.44929930924537675,
    "objective_loss": 1.6517759191473445,
    "nll_loss": 1.6517759191473445,
    "loss": 1.6517759191473445
  },
  "summary": {
    "objective_loss": 1.6517759191473445,
    "nll_loss": 1.6517759191473445,
    "macro_f1": 0.3879216443026601,
    "micro_f1": 0.5450614869856168,
    "accuracy": 0.5450614869856168,
    "kappa": 0.44929930924537675,
    "macro_pr_auc_ovr": 0.4395209961602392,
    "tail_macro_pr_auc_ovr": 0.13430732417738553,
    "macro_roc_auc_ovr": 0.9145823334449248
  }
}