{
  "objective_config": {
    "use_class_weights": false,
    "class_weight_method": "inv_sqrt",
    "class_weight_normalize": "sample_mean",
    "class_weight_beta": 0.9999,
    "class_weight_clip_min": 0.25,
    "class_weight_clip_max": 4.0,
    "class_weight_eps": 1e-12,
    "label_smoothing": 0.0,
    "logit_adjust_tau": 0.5,
    "logit_adjust_eps": 1e-12
  },
  "tail_definition": {
    "fraction": 0.2,
    "include_zero_count": true,
    "tail_k": 18,
    "tail_class_ids": [
      12,
      27,
      30,
      49,
      55,
      85,
      34,
      64,
      41,
      25,
      42,
      78,
      51,
      43,
      40,
      0,
      61,
      6
    ]
  },
  "uncalibrated": {
    "accuracy": 0.5954677790813888,
    "macro_f1": 0.46753596209458,
    "micro_f1": 0.5954677790813888,
    "cohen_kappa": 0.5113762318830372,
    "brier_score": 0.5789176225662231,
    "ece": 0.1479624253737151,
    "nll": 1.6338576078414917,
    "n_classes_total": 86.0,
    "n_classes_missing_pos": 4.0,
    "n_classes_missing_neg": 0.0,
    "macro_roc_auc_ovr": 0.9345633638959194,
    "macro_pr_auc_ovr": 0.5099234110776888,
    "n_classes_scored": 82.0,
    "tail_k": 18.0,
    "tail_definition": "bottom_20pct_train_support_including_zero",
    "tail_class_ids": [
      12,
      27,
      30,
      49,
      55,
      85,
      34,
      64,
      41,
      25,
      42,
      78,
      51,
      43,
      40,
      0,
      61,
      6
    ],
    "tail_macro_pr_auc_ovr": 0.22524737985754933,
    "tail_n_classes_scored": 14.0,
    "macro_f1_present_only": 0.46753596209458,
    "kappa": 0.5113762318830372,
    "objective_loss": 1.6391382695270043,
    "nll_loss": 1.6391382695270043,
    "loss": 1.6391382695270043
  },
  "summary": {
    "objective_loss": 1.6391382695270043,
    "nll_loss": 1.6391382695270043,
    "macro_f1": 0.46753596209458,
    "micro_f1": 0.5954677790813888,
    "accuracy": 0.5954677790813888,
    "kappa": 0.5113762318830372,
    "macro_pr_auc_ovr": 0.5099234110776888,
    "tail_macro_pr_auc_ovr": 0.22524737985754933,
    "macro_roc_auc_ovr": 0.9345633638959194
  }
}