{
  "beta": 0.9999,
  "clip_max": 4.0,
  "clip_min": 0.25,
  "cv_seen": 0.32106304416954917,
  "enabled": false,
  "eps": 1e-12,
  "max_weight": 4.0,
  "mean_after_clipping": 3.183967132623948,
  "mean_after_normalization": 1.0000000000000002,
  "mean_seen_after_clipping": 3.3477646675707446,
  "method": "inv_sqrt",
  "min_weight": 0.3472649770294591,
  "n_seen": 80,
  "n_unseen": 6,
  "normalize": "sample_mean",
  "sat_max_seen": 0.6375,
  "sat_min_seen": 0.0,
  "unique_seen_weights": 29,
  "weights": [
    4.0,
    4.0,
    3.5544817447662354,
    1.190049648284912,
    4.0,
    1.7340028285980225,
    4.0,
    4.0,
    1.8782660961151123,
    2.726558208465576,
    4.0,
    4.0,
    4.0,
    4.0,
    1.0,
    1.2712643146514893,
    4.0,
    4.0,
    4.0,
    1.077278971672058,
    4.0,
    4.0,
    4.0,
    4.0,
    3.0707175731658936,
    4.0,
    2.8534419536590576,
    4.0,
    4.0,
    2.9535930156707764,
    4.0,
    4.0,
    3.3762378692626953,
    4.0,
    4.0,
    1.0,
    1.5132660865783691,
    4.0,
    4.0,
    4.0,
    4.0,
    4.0,
    1.0,
    4.0,
    4.0,
    4.0,
    0.4419691562652588,
    4.0,
    0.34726497530937195,
    1.0,
    4.0,
    4.0,
    4.0,
    2.67659592628479,
    4.0,
    1.0,
    3.183933973312378,
    3.183933973312378,
    4.0,
    0.9484745860099792,
    3.2223732471466064,
    4.0,
    4.0,
    2.714780330657959,
    4.0,
    4.0,
    3.3613317012786865,
    4.0,
    4.0,
    0.9065200686454773,
    3.02114200592041,
    2.0034286975860596,
    0.557973325252533,
    4.0,
    0.8123010993003845,
    2.9435977935791016,
    3.8956592082977295,
    1.0,
    4.0,
    4.0,
    4.0,
    4.0,
    2.400735378265381,
    4.0,
    4.0,
    4.0
  ]
}