{
  "cache_stats": {
    "hits": 1342,
    "load_failures": 0,
    "misses": 0,
    "saved": 0,
    "skipped_invalid": 1
  },
  "calibration": {
    "calibrated": {
      "accuracy": 0.4317158579289645,
      "brier_score": 0.7275139689445496,
      "ece": 0.04503686966122002,
      "nll": 2.0571742057800293
    },
    "temperature": 2.1812548637390137,
    "uncalibrated": {
      "accuracy": 0.4317158579289645,
      "brier_score": 0.8008059859275818,
      "ece": 0.2503562159854928,
      "nll": 2.7283194065093994
    }
  },
  "config": {
    "device": "cpu",
    "limit": 2000,
    "seed": 42,
    "split_seed": 42,
    "split_strategy": "cold_drug"
  },
  "distribution_summary": {
    "test_imbalance": {
      "max": 578.0,
      "max_over_min_nonzero": 578.0,
      "median_nonzero": 6.0,
      "min_nonzero": 1.0
    },
    "train_imbalance": {
      "max": 660.0,
      "max_over_min_nonzero": 660.0,
      "median_nonzero": 4.0,
      "min_nonzero": 1.0
    },
    "valid_imbalance": {
      "max": 592.0,
      "max_over_min_nonzero": 592.0,
      "median_nonzero": 5.0,
      "min_nonzero": 1.0
    }
  },
  "label_checks": {
    "num_classes": 86,
    "test": {
      "invalid_labels": [],
      "max": 85,
      "min": 1,
      "missing_classes": [
        0,
        2,
        6,
        12,
        21,
        25,
        27,
        30,
        34,
        40,
        41,
        44,
        45,
        55,
        58,
        61,
        62,
        64,
        77,
        78,
        80
      ],
      "n": 2000,
      "n_unique": 65
    },
    "train": {
      "invalid_labels": [],
      "max": 84,
      "min": 0,
      "missing_classes": [
        14,
        35,
        43,
        49,
        85
      ],
      "n": 2000,
      "n_unique": 81
    },
    "valid": {
      "invalid_labels": [],
      "max": 85,
      "min": 1,
      "missing_classes": [
        0,
        2,
        6,
        12,
        16,
        21,
        25,
        27,
        30,
        34,
        40,
        41,
        44,
        45,
        51,
        55,
        58,
        62,
        64,
        77,
        80
      ],
      "n": 2000,
      "n_unique": 65
    }
  },
  "manual_metric_checks": {
    "accuracy_manual": 0.4317158579289645,
    "kappa_manual_all_labels": 0.29643817146001383,
    "macro_f1_manual_present_only": 0.26388197130248464,
    "micro_f1_manual_all_labels": 0.4317158579289645
  },
  "metrics_key": {
    "accuracy": 0.4317158579289645,
    "brier_score": 0.8008059859275818,
    "cohen_kappa": 0.29643817146001383,
    "ece": 0.2503562159854928,
    "kappa": 0.29643817146001383,
    "macro_f1": 0.26388197130248464,
    "macro_pr_auc_ovr": 0.34767145120675574,
    "macro_roc_auc_ovr": 0.8362128323069061,
    "micro_f1": 0.4317158579289645,
    "nll_loss": 2.7340696630864336,
    "objective_loss": 6.826712603566645
  },
  "probability_checks": {
    "row_sum_max_abs_err": 2.980232238769531e-07,
    "row_sum_mean": 1.0,
    "row_sum_std": 8.760220282511e-08
  },
  "randomization": {
    "collapse_checks": {
      "label_permutation_faithfulness_collapse": true,
      "label_permutation_similarity_collapse": false,
      "weight_randomization_faithfulness_collapse": true,
      "weight_randomization_similarity_collapse": true
    },
    "means": {
      "delta_del_base": 0.031835207694816445,
      "delta_del_label_permuted": -0.006001108344877676,
      "delta_del_weight_randomized": 4.031681618591625e-06,
      "delta_ins_base": 0.003856318599729901,
      "delta_ins_label_permuted": -0.0050282488429634386,
      "delta_ins_weight_randomized": 2.7842052708063968e-06,
      "random_baseline_unique_ratio": 0.9925,
      "rank_jaccard_label_permuted": 0.53015195588725,
      "rank_jaccard_weight_randomized": 0.39864399231659287
    },
    "n_rows": 80
  }
}