{
  "manual": {
    "accuracy_manual": 0.4317158579289645,
    "kappa_manual_all_labels": 0.29643817146001383,
    "macro_f1_manual_present_only": 0.26388197130248464,
    "micro_f1_manual_all_labels": 0.4317158579289645
  },
  "probability_checks": {
    "row_sum_max_abs_err": 2.980232238769531e-07,
    "row_sum_mean": 1.0,
    "row_sum_std": 8.760220282511e-08
  },
  "reported": {
    "accuracy": 0.4317158579289645,
    "brier_score": 0.8008059859275818,
    "cohen_kappa": 0.29643817146001383,
    "ece": 0.2503562159854928,
    "kappa": 0.29643817146001383,
    "macro_f1": 0.26388197130248464,
    "macro_f1_present_only": 0.26388197130248464,
    "macro_pr_auc_ovr": 0.34767145120675574,
    "macro_pr_auc_ovr_excluded_classes": [
      0,
      2,
      6,
      12,
      21,
      25,
      27,
      30,
      34,
      40,
      41,
      44,
      45,
      55,
      58,
      61,
      62,
      64,
      77,
      78,
      80
    ],
    "macro_pr_auc_ovr_included_classes": [
      1,
      3,
      4,
      5,
      7,
      8,
      9,
      10,
      11,
      13,
      14,
      15,
      16,
      17,
      18,
      19,
      20,
      22,
      23,
      24,
      26,
      28,
      29,
      31,
      32,
      33,
      35,
      36,
      37,
      38,
      39,
      42,
      43,
      46,
      47,
      48,
      49,
      50,
      51,
      52,
      53,
      54,
      56,
      57,
      59,
      60,
      63,
      65,
      66,
      67,
      68,
      69,
      70,
      71,
      72,
      73,
      74,
      75,
      76,
      79,
      81,
      82,
      83,
      84,
      85
    ],
    "macro_roc_auc_ovr": 0.8362128323069061,
    "macro_roc_auc_ovr_excluded_classes": [
      0,
      2,
      6,
      12,
      21,
      25,
      27,
      30,
      34,
      40,
      41,
      44,
      45,
      55,
      58,
      61,
      62,
      64,
      77,
      78,
      80
    ],
    "macro_roc_auc_ovr_included_classes": [
      1,
      3,
      4,
      5,
      7,
      8,
      9,
      10,
      11,
      13,
      14,
      15,
      16,
      17,
      18,
      19,
      20,
      22,
      23,
      24,
      26,
      28,
      29,
      31,
      32,
      33,
      35,
      36,
      37,
      38,
      39,
      42,
      43,
      46,
      47,
      48,
      49,
      50,
      51,
      52,
      53,
      54,
      56,
      57,
      59,
      60,
      63,
      65,
      66,
      67,
      68,
      69,
      70,
      71,
      72,
      73,
      74,
      75,
      76,
      79,
      81,
      82,
      83,
      84,
      85
    ],
    "micro_f1": 0.4317158579289645,
    "nll": 2.7283194065093994,
    "nll_loss": 2.7340696630864336,
    "objective_loss": 6.826712603566645
  }
}