{
  "objective_config": {
    "use_class_weights": false,
    "class_weight_method": "inv_sqrt",
    "class_weight_normalize": "sample_mean",
    "class_weight_beta": 0.9999,
    "class_weight_clip_min": 0.25,
    "class_weight_clip_max": 4.0,
    "class_weight_eps": 1e-12,
    "label_smoothing": 0.0,
    "logit_adjust_tau": 0.5,
    "logit_adjust_eps": 1e-12
  },
  "tail_definition": {
    "fraction": 0.2,
    "include_zero_count": true,
    "tail_k": 18,
    "tail_class_ids": [
      0,
      12,
      21,
      30,
      58,
      64,
      85,
      34,
      41,
      42,
      25,
      78,
      27,
      43,
      51,
      40,
      61,
      22
    ]
  },
  "uncalibrated": {
    "accuracy": 0.5846587826841706,
    "macro_f1": 0.47392964150684364,
    "micro_f1": 0.5846587826841706,
    "cohen_kappa": 0.4933929163028259,
    "brier_score": 0.5932748913764954,
    "ece": 0.15149782839101553,
    "nll": 1.7148934602737427,
    "n_classes_total": 86.0,
    "n_classes_missing_pos": 1.0,
    "n_classes_missing_neg": 0.0,
    "macro_roc_auc_ovr": 0.9381146713744883,
    "macro_pr_auc_ovr": 0.5070066716883698,
    "n_classes_scored": 85.0,
    "tail_k": 18.0,
    "tail_definition": "bottom_20pct_train_support_including_zero",
    "tail_class_ids": [
      0,
      12,
      21,
      30,
      58,
      64,
      85,
      34,
      41,
      42,
      25,
      78,
      27,
      43,
      51,
      40,
      61,
      22
    ],
    "tail_macro_pr_auc_ovr": 0.26668144578975483,
    "tail_n_classes_scored": 17.0,
    "macro_f1_present_only": 0.47392964150684364,
    "kappa": 0.4933929163028259,
    "objective_loss": 1.7151249357750478,
    "nll_loss": 1.7151249357750478,
    "loss": 1.7151249357750478
  },
  "summary": {
    "objective_loss": 1.7151249357750478,
    "nll_loss": 1.7151249357750478,
    "macro_f1": 0.47392964150684364,
    "micro_f1": 0.5846587826841706,
    "accuracy": 0.5846587826841706,
    "kappa": 0.4933929163028259,
    "macro_pr_auc_ovr": 0.5070066716883698,
    "tail_macro_pr_auc_ovr": 0.26668144578975483,
    "macro_roc_auc_ovr": 0.9381146713744883
  }
}