{
  "eps": 1e-12,
  "log_priors": [
    -9.52525329637602,
    -6.072096175783347,
    -6.010727229407055,
    -3.882637256957505,
    -6.480730858652787,
    -3.872764116107568,
    -11.13469120880932,
    -6.290504122351721,
    -4.569426238774957,
    -5.5778631471107785,
    -6.207437523653108,
    -6.529521022822219,
    -38.76571232473887,
    -6.416192337515216,
    -6.290504122351721,
    -3.5850820436557878,
    -7.7334938271481315,
    -8.043648755451958,
    -7.445811754696359,
    -3.665037035878191,
    -6.290504122351721,
    -38.76571232473887,
    -7.999196992881127,
    -7.12735802357783,
    -5.609238269678532,
    -10.441544028249874,
    -5.335598554349791,
    -10.036078920141877,
    -6.347199466028266,
    -6.004792493887241,
    -38.76571232473887,
    -4.7444505417449685,
    -6.200217275679621,
    -7.007556823765212,
    -38.76571232473887,
    -7.8765946707887995,
    -4.288811333546269,
    -8.49563387919499,
    -6.580814317209769,
    -6.434210843017895,
    -9.05524966713036,
    -10.441544028249874,
    -9.342931739582099,
    -9.188781059754863,
    -7.956637378462332,
    -8.49563387919499,
    -1.6032098106386907,
    -7.421119142105987,
    -1.1323542922320229,
    -8.49563387919499,
    -7.8765946707887995,
    -9.342931739582099,
    -6.480730858652787,
    -5.194519956089886,
    -6.830626115606137,
    -8.138958935256278,
    -5.768715193788464,
    -4.888584443328755,
    -7.8765946707887995,
    -3.2281439764422837,
    -5.658227656878805,
    -9.05524966713036,
    -8.2443194509141,
    -5.391688021000834,
    -11.13469120880932,
    -7.7334938271481315,
    -5.394898296631083,
    -6.236851408859401,
    -6.004792493887241,
    -3.2733494132103305,
    -5.525219413625356,
    -4.8193332072879835,
    -2.163369737306637,
    -6.010727229407055,
    -3.180318936278453,
    -5.471730728674371,
    -7.145707162246027,
    -8.301477864754045,
    -9.05524966713036,
    -7.7334938271481315,
    -7.638183647343809,
    -6.2443420805885586,
    -4.962990611399403,
    -7.956637378462332,
    -5.882417780763685,
    -38.76571232473887
  ],
  "num_classes": 86,
  "priors": [
    7.298524238400446e-05,
    0.002306333659334094,
    0.002452304144102074,
    0.020596435400761955,
    0.0015326900900638016,
    0.020800794079437124,
    1.4597048476812572e-05,
    0.001853825156553357,
    0.010363904418526576,
    0.00378063555549069,
    0.0020143926897981347,
    0.0014597048476798118,
    1.4597048476797973e-17,
    0.0016348694294013874,
    0.001853825156553357,
    0.02773439210591616,
    0.00043791145430395375,
    0.00032113506648957,
    0.0005838819390719336,
    0.02560322302830366,
    0.001853825156553357,
    1.4597048476797973e-17,
    0.00033573211496636796,
    0.0008028376662239031,
    0.0036638591676763058,
    2.9194096953610544e-05,
    0.004817025997343346,
    4.3791145430408514e-05,
    0.0017516458172157712,
    0.0024669011925788718,
    1.4597048476797973e-17,
    0.008699840892171606,
    0.0020289897382749326,
    0.0009050170055614889,
    1.4597048476797973e-17,
    0.00037952326039676187,
    0.01372122556819011,
    0.00020435867867518622,
    0.001386719605295822,
    0.0016056753324477915,
    0.00011677638781439839,
    2.9194096953610544e-05,
    8.758229086080243e-05,
    0.0001021793393376004,
    0.00035032916344316593,
    0.00020435867867518622,
    0.20124950734961367,
    0.0005984789875487315,
    0.3222736362707456,
    0.00020435867867518622,
    0.00037952326039676187,
    8.758229086080243e-05,
    0.0015326900900638016,
    0.005546878421183244,
    0.0010801815872830646,
    0.00029194096953597405,
    0.003123768374034781,
    0.007532077014027769,
    0.00037952326039676187,
    0.03963098661450651,
    0.00348869458595473,
    0.00011677638781439839,
    0.0002627468725823781,
    0.004554279124760982,
    1.4597048476812572e-05,
    0.00043791145430395375,
    0.0045396820762841844,
    0.001956004495890943,
    0.0024669011925788718,
    0.03787934079729075,
    0.0039849942341658616,
    0.008072167807669294,
    0.11493715970630725,
    0.002452304144102074,
    0.04157239406192064,
    0.004203949961317831,
    0.0007882406177471052,
    0.00024814982410558014,
    0.00011677638781439839,
    0.00043791145430395375,
    0.0004817025997343477,
    0.0019414074474141448,
    0.006991986220386244,
    0.00035032916344316593,
    0.0027880362590684275,
    1.4597048476797973e-17
  ]
}