{
  "objective_config": {
    "use_class_weights": false,
    "class_weight_method": "inv_sqrt",
    "class_weight_beta": 0.9999,
    "class_weight_clip_min": 0.25,
    "class_weight_clip_max": 20.0,
    "class_weight_eps": 1e-12,
    "label_smoothing": 0.0
  },
  "uncalibrated": {
    "accuracy": 0.3739335870849193,
    "macro_f1": 0.18343148519533475,
    "micro_f1": 0.3739335870849193,
    "cohen_kappa": 0.2371911860608772,
    "brier_score": 0.8035157322883606,
    "ece": 0.16079752246551834,
    "nll": 2.3435239791870117,
    "macro_roc_auc_ovr": 0.8363736846206024,
    "macro_pr_auc_ovr": 0.2218436928687475,
    "macro_f1_present_only": 0.18343148519533475,
    "kappa": 0.2371911860608772,
    "objective_loss": 2.344167072482897,
    "nll_loss": 2.344167072482897,
    "loss": 2.344167072482897
  },
  "summary": {
    "objective_loss": 2.344167072482897,
    "nll_loss": 2.344167072482897,
    "macro_f1": 0.18343148519533475,
    "micro_f1": 0.3739335870849193,
    "accuracy": 0.3739335870849193,
    "kappa": 0.2371911860608772,
    "macro_pr_auc_ovr": 0.2218436928687475,
    "macro_roc_auc_ovr": 0.8363736846206024
  }
}