{
  "beta": 0.9999,
  "clip_max": 4.0,
  "clip_min": 0.25,
  "cv_seen": 0.32480343797997463,
  "enabled": true,
  "eps": 1e-12,
  "max_weight": 4.0,
  "mean_after_clipping": 3.200005672103056,
  "mean_after_normalization": 1.0,
  "mean_seen_after_clipping": 3.335808491368677,
  "method": "inv_sqrt",
  "min_weight": 0.3363181098330527,
  "n_seen": 81,
  "n_unseen": 5,
  "normalize": "sample_mean",
  "sat_max_seen": 0.6049382716049383,
  "sat_min_seen": 0.0,
  "unique_seen_weights": 31,
  "weights": [
    4.0,
    3.9755897521972656,
    3.8554534912109375,
    1.3303521871566772,
    4.0,
    1.3238009214401245,
    4.0,
    4.0,
    1.8754303455352783,
    3.105133295059204,
    4.0,
    4.0,
    1.0,
    4.0,
    4.0,
    1.1464452743530273,
    4.0,
    4.0,
    4.0,
    1.193205714225769,
    4.0,
    1.0,
    4.0,
    4.0,
    3.154229164123535,
    4.0,
    2.750889539718628,
    4.0,
    4.0,
    3.8440299034118652,
    1.0,
    2.0469489097595215,
    4.0,
    4.0,
    1.0,
    4.0,
    1.6299196481704712,
    4.0,
    4.0,
    4.0,
    4.0,
    4.0,
    4.0,
    4.0,
    4.0,
    4.0,
    0.4255937337875366,
    4.0,
    0.33631810545921326,
    4.0,
    4.0,
    4.0,
    4.0,
    2.5635294914245605,
    4.0,
    4.0,
    3.4160423278808594,
    2.1999118328094482,
    4.0,
    0.9590587019920349,
    3.232445240020752,
    4.0,
    4.0,
    2.829129457473755,
    4.0,
    4.0,
    2.833674192428589,
    4.0,
    3.8440299034118652,
    0.9809828996658325,
    3.0244665145874023,
    2.125042200088501,
    0.56316077709198,
    3.8554534912109375,
    0.9363972544670105,
    2.9446513652801514,
    4.0,
    4.0,
    4.0,
    4.0,
    4.0,
    4.0,
    2.283296823501587,
    4.0,
    3.615875244140625,
    1.0
  ]
}