{
  "eps": 1e-12,
  "log_priors": [
    -8.939333310349431,
    -5.910811213972555,
    -5.81843789384154,
    -3.9059947342764687,
    -6.541438037551162,
    -4.027495751998588,
    -8.833972794691615,
    -6.139345613921639,
    -4.388971360856444,
    -5.879062515657974,
    -6.209304202528549,
    -6.561846909182369,
    -38.76757900361431,
    -6.3574343945742235,
    -6.316276322080716,
    -3.5134048192088585,
    -8.192118908519268,
    -7.307916491196645,
    -7.2047322549614154,
    -3.590639736476438,
    -6.209304202528549,
    -7.769262057699253,
    -7.958504057337774,
    -6.888062645636388,
    -5.442825748883058,
    -38.76757900361431,
    -5.042988117640623,
    -38.76757900361431,
    -6.6367482173554855,
    -5.884284459639126,
    -38.76757900361431,
    -4.744640774293157,
    -5.9270717348443345,
    -6.962170617790109,
    -11.136557887684761,
    -7.1853141691043145,
    -4.068385887297719,
    -8.7386626148873,
    -6.541438037551162,
    -6.6367482173554855,
    -9.190647738630306,
    -10.443410707125317,
    -9.0571163460058,
    -9.34479841845754,
    -38.76757900361431,
    -38.76757900361431,
    -1.7688719449858008,
    -7.52563997504151,
    -1.095005484193738,
    -8.24618612978954,
    -8.363969165445917,
    -9.52711997525146,
    -6.659221073207544,
    -4.998830833599525,
    -7.076114877139324,
    -8.363969165445917,
    -5.954774337393671,
    -4.67041316344814,
    -7.840721021681396,
    -3.176932582587646,
    -5.729386116225638,
    -9.0571163460058,
    -8.363969165445917,
    -5.579729825986219,
    -38.76757900361431,
    -6.93186526829478,
    -5.1576721227846365,
    -6.58268099608521,
    -6.080312082337447,
    -3.211038907898835,
    -5.668497746550626,
    -4.8193932009384755,
    -2.1633332245906716,
    -5.977502588471227,
    -3.1222221503863374,
    -5.5418465080839185,
    -5.910811213972555,
    -8.24618612978954,
    -9.75026352656562,
    -7.581209826196319,
    -7.804353377510521,
    -6.166744588109753,
    -5.13267082057922,
    -9.190647738630306,
    -5.92162213007677,
    -38.76757900361431
  ],
  "num_classes": 86,
  "priors": [
    0.00013112843301523987,
    0.002709987615648004,
    0.0029722444816784547,
    0.020120929554891805,
    0.0014424127631674929,
    0.017818897064180075,
    0.00014569825890582046,
    0.002156334231805942,
    0.012413491658774678,
    0.0027974065709914877,
    0.0020106359729001357,
    0.0014132731113863316,
    1.456982589058059e-17,
    0.0017338092809791046,
    0.0018066584104320074,
    0.029795293946237318,
    0.0002768266919210457,
    0.0006702119909667216,
    0.0007430611204196246,
    0.027580680410869068,
    0.0020106359729001357,
    0.00042252495082685163,
    0.0003496758213739487,
    0.0010198878123406558,
    0.0043272382895024495,
    1.456982589058059e-17,
    0.006454432869527216,
    1.456982589058059e-17,
    0.0013112843301522675,
    0.002782836745100907,
    1.456982589058059e-17,
    0.008698186056676627,
    0.002666278137976262,
    0.0009470386828877527,
    1.456982589059516e-05,
    0.0007576309463102052,
    0.017104975595541624,
    0.00016026808479640105,
    0.0014424127631674929,
    0.0013112843301522675,
    0.00010198878123407869,
    2.913965178117575e-05,
    0.00011655860712465928,
    8.74189553434981e-05,
    1.456982589058059e-17,
    1.456982589058059e-17,
    0.17052524222335524,
    0.0005390835579514964,
    0.3345377722736209,
    0.00026225686603046516,
    0.00023311721424930398,
    7.284912945291752e-05,
    0.0012821446783711063,
    0.006745829387338828,
    0.0008450499016536887,
    0.00023311721424930398,
    0.0025934290085233595,
    0.009368398047643334,
    0.00039338529904569045,
    0.04171341152473224,
    0.003249071173599486,
    0.00011655860712465928,
    0.00023311721424930398,
    0.0037735849056603874,
    1.456982589058059e-17,
    0.000976178334668914,
    0.0057550812267793475,
    0.0013841334596051704,
    0.002287462664821167,
    0.0403147082392365,
    0.003453048736067614,
    0.00807168354338166,
    0.11494135645079027,
    0.002535149704961037,
    0.04405915349311571,
    0.003919283164566193,
    0.002709987615648004,
    0.00026225686603046516,
    5.8279303562336925e-05,
    0.0005099439061703352,
    0.000407955124936271,
    0.0020980549282436194,
    0.005900779485685154,
    0.00010198878123407869,
    0.0026808479638668428,
    1.456982589058059e-17
  ]
}