{
  "objective_config": {
    "use_class_weights": false,
    "class_weight_method": "inv_sqrt",
    "class_weight_normalize": "sample_mean",
    "class_weight_beta": 0.9999,
    "class_weight_clip_min": 0.25,
    "class_weight_clip_max": 4.0,
    "class_weight_eps": 1e-12,
    "label_smoothing": 0.0,
    "logit_adjust_tau": 0.5,
    "logit_adjust_eps": 1e-12
  },
  "tail_definition": {
    "fraction": 0.2,
    "include_zero_count": true,
    "tail_k": 18,
    "tail_class_ids": [
      12,
      21,
      30,
      34,
      85,
      6,
      64,
      25,
      41,
      27,
      0,
      42,
      51,
      43,
      40,
      61,
      78,
      37
    ]
  },
  "uncalibrated": {
    "accuracy": 0.6172037422037422,
    "macro_f1": 0.5083836264813538,
    "micro_f1": 0.6172037422037422,
    "cohen_kappa": 0.5335816466963801,
    "brier_score": 0.5933531522750854,
    "ece": 0.21700777138931243,
    "nll": 1.9996416568756104,
    "n_classes_total": 86.0,
    "n_classes_missing_pos": 0.0,
    "n_classes_missing_neg": 0.0,
    "macro_roc_auc_ovr": 0.9426909785732307,
    "macro_pr_auc_ovr": 0.5399714811717584,
    "n_classes_scored": 86.0,
    "tail_k": 18.0,
    "tail_definition": "bottom_20pct_train_support_including_zero",
    "tail_class_ids": [
      12,
      21,
      30,
      34,
      85,
      6,
      64,
      25,
      41,
      27,
      0,
      42,
      51,
      43,
      40,
      61,
      78,
      37
    ],
    "tail_macro_pr_auc_ovr": 0.19502161253395012,
    "tail_n_classes_scored": 18.0,
    "macro_f1_present_only": 0.5083836264813538,
    "kappa": 0.5335816466963801,
    "objective_loss": 2.008109762431758,
    "nll_loss": 2.008109762431758,
    "loss": 2.008109762431758
  },
  "summary": {
    "objective_loss": 2.008109762431758,
    "nll_loss": 2.008109762431758,
    "macro_f1": 0.5083836264813538,
    "micro_f1": 0.6172037422037422,
    "accuracy": 0.6172037422037422,
    "kappa": 0.5335816466963801,
    "macro_pr_auc_ovr": 0.5399714811717584,
    "tail_macro_pr_auc_ovr": 0.19502161253395012,
    "macro_roc_auc_ovr": 0.9426909785732307
  }
}