{
  "objective_config": {
    "use_class_weights": false,
    "class_weight_method": "inv_sqrt",
    "class_weight_normalize": "sample_mean",
    "class_weight_beta": 0.9999,
    "class_weight_clip_min": 0.25,
    "class_weight_clip_max": 4.0,
    "class_weight_eps": 1e-12,
    "label_smoothing": 0.0,
    "logit_adjust_tau": 0.0,
    "logit_adjust_eps": 1e-12
  },
  "tail_definition": {
    "fraction": 0.2,
    "include_zero_count": true,
    "tail_k": 18,
    "tail_class_ids": [
      0,
      14,
      35,
      38,
      44,
      45,
      77,
      41,
      42,
      25,
      51,
      62,
      27,
      61,
      30,
      40,
      43,
      79
    ]
  },
  "uncalibrated": {
    "accuracy": 0.5909753814675345,
    "macro_f1": 0.4196508149116936,
    "micro_f1": 0.5909753814675345,
    "cohen_kappa": 0.5016714274159846,
    "brier_score": 0.5990889072418213,
    "ece": 0.17620012150979555,
    "nll": 2.0330464839935303,
    "n_classes_total": 86.0,
    "n_classes_missing_pos": 0.0,
    "n_classes_missing_neg": 0.0,
    "macro_roc_auc_ovr": 0.9126739200744236,
    "macro_pr_auc_ovr": 0.449316132198527,
    "n_classes_scored": 86.0,
    "tail_k": 18.0,
    "tail_definition": "bottom_20pct_train_support_including_zero",
    "tail_class_ids": [
      0,
      14,
      35,
      38,
      44,
      45,
      77,
      41,
      42,
      25,
      51,
      62,
      27,
      61,
      30,
      40,
      43,
      79
    ],
    "tail_macro_pr_auc_ovr": 0.1809313658355484,
    "tail_n_classes_scored": 18.0,
    "macro_f1_present_only": 0.4196508149116936,
    "kappa": 0.5016714274159846,
    "objective_loss": 2.062360975481611,
    "nll_loss": 2.062360975481611,
    "loss": 2.062360975481611
  },
  "summary": {
    "objective_loss": 2.062360975481611,
    "nll_loss": 2.062360975481611,
    "macro_f1": 0.4196508149116936,
    "micro_f1": 0.5909753814675345,
    "accuracy": 0.5909753814675345,
    "kappa": 0.5016714274159846,
    "macro_pr_auc_ovr": 0.449316132198527,
    "tail_macro_pr_auc_ovr": 0.1809313658355484,
    "macro_roc_auc_ovr": 0.9126739200744236
  }
}