{
  "objective_config": {
    "use_class_weights": true,
    "class_weight_method": "inv_sqrt",
    "class_weight_beta": 0.9999,
    "class_weight_clip_min": 0.25,
    "class_weight_clip_max": 20.0,
    "class_weight_eps": 1e-12,
    "label_smoothing": 0.05
  },
  "uncalibrated": {
    "accuracy": 0.404646279039244,
    "macro_f1": 0.16605914519980813,
    "micro_f1": 0.404646279039244,
    "cohen_kappa": 0.2509808668411859,
    "brier_score": 0.7585115432739258,
    "ece": 0.057609673355262195,
    "nll": 2.25398325920105,
    "macro_roc_auc_ovr": 0.8384528580660853,
    "macro_pr_auc_ovr": 0.24634349856421625,
    "macro_f1_present_only": 0.16605914519980813,
    "kappa": 0.2509808668411859,
    "objective_loss": 3.1551657096656514,
    "nll_loss": 2.253983059084655,
    "loss": 3.1551657096656514
  },
  "summary": {
    "objective_loss": 3.1551657096656514,
    "nll_loss": 2.253983059084655,
    "macro_f1": 0.16605914519980813,
    "micro_f1": 0.404646279039244,
    "accuracy": 0.404646279039244,
    "kappa": 0.2509808668411859,
    "macro_pr_auc_ovr": 0.24634349856421625,
    "macro_roc_auc_ovr": 0.8384528580660853
  }
}