{
  "objective_config": {
    "colsample_bytree": 0.8,
    "early_stopping_rounds": 30,
    "ecfp_bits": 2048,
    "ecfp_radius": 2,
    "learning_rate": 0.05,
    "max_depth": 8,
    "min_child_weight": 1.0,
    "model_family": "xgboost",
    "n_estimators": 600,
    "num_classes_total": 86,
    "num_classes_trained": 78,
    "pair_representation": "sorted_concat_ecfp4",
    "reg_lambda": 1.0,
    "run_seed": 42,
    "subsample": 0.8,
    "tree_method": "hist",
    "use_class_weights": false
  },
  "summary": {
    "accuracy": 0.6394765965757437,
    "kappa": 0.5434711758474216,
    "macro_f1": 0.4969018694843247,
    "macro_pr_auc_ovr": 0.534222516193647,
    "macro_roc_auc_ovr": 0.9198022676217871,
    "micro_f1": 0.6394765965757437,
    "nll_loss": 1.334293577014317,
    "objective_loss": 1.334293577014317,
    "tail_macro_pr_auc_ovr": 0.17461773967533334
  },
  "tail_definition": {
    "fraction": 0.2,
    "include_zero_count": true,
    "tail_class_ids": [
      12,
      25,
      27,
      30,
      44,
      45,
      64,
      85,
      34,
      41,
      78,
      51,
      43,
      40,
      83,
      0,
      42,
      61
    ],
    "tail_k": 18
  },
  "uncalibrated": {
    "accuracy": 0.6394765965757437,
    "brier_score": 0.5070256133401493,
    "cohen_kappa": 0.5434711758474216,
    "ece": 0.032768932893399196,
    "kappa": 0.5434711758474216,
    "loss": 1.334293577014317,
    "macro_f1": 0.4969018694843247,
    "macro_f1_present_only": 0.4969018694843247,
    "macro_pr_auc_ovr": 0.534222516193647,
    "macro_roc_auc_ovr": 0.9198022676217871,
    "micro_f1": 0.6394765965757437,
    "n_classes_missing_neg": 0,
    "n_classes_missing_pos": 1,
    "n_classes_scored": 85,
    "n_classes_total": 86,
    "nll": 1.334293577014317,
    "nll_loss": 1.334293577014317,
    "objective_loss": 1.334293577014317,
    "tail_class_ids": [
      12,
      25,
      27,
      30,
      44,
      45,
      64,
      85,
      34,
      41,
      78,
      51,
      43,
      40,
      83,
      0,
      42,
      61
    ],
    "tail_definition": "bottom_20pct_train_support_including_zero",
    "tail_k": 18,
    "tail_macro_pr_auc_ovr": 0.17461773967533334,
    "tail_n_classes_scored": 17
  }
}