{
  "beta": 0.9999,
  "clip_max": 4.0,
  "clip_min": 0.25,
  "cv_seen": 0.3235216027670202,
  "enabled": true,
  "eps": 1e-12,
  "max_weight": 4.0,
  "mean_after_clipping": 3.1441379469495323,
  "mean_after_normalization": 1.0000000000000007,
  "mean_seen_after_clipping": 3.334124853641263,
  "method": "inv_sqrt",
  "min_weight": 0.3397800709012438,
  "n_seen": 79,
  "n_unseen": 7,
  "normalize": "sample_mean",
  "sat_max_seen": 0.6075949367088608,
  "sat_min_seen": 0.0,
  "unique_seen_weights": 31,
  "weights": [
    1.0,
    4.0,
    3.2284672260284424,
    1.2011035680770874,
    4.0,
    1.608590841293335,
    4.0,
    4.0,
    1.9119075536727905,
    2.879545211791992,
    4.0,
    4.0,
    4.0,
    3.7056565284729004,
    1.0,
    1.2626088857650757,
    4.0,
    4.0,
    4.0,
    1.1408629417419434,
    3.966012477874756,
    4.0,
    4.0,
    4.0,
    3.0124027729034424,
    4.0,
    2.898123025894165,
    4.0,
    4.0,
    3.0499587059020996,
    4.0,
    2.931518077850342,
    3.3738722801208496,
    3.715498924255371,
    4.0,
    1.0,
    1.4906463623046875,
    4.0,
    1.0,
    4.0,
    4.0,
    4.0,
    4.0,
    4.0,
    1.0,
    1.0,
    0.4711015224456787,
    4.0,
    0.3397800624370575,
    4.0,
    4.0,
    4.0,
    4.0,
    2.0711824893951416,
    4.0,
    4.0,
    3.388767957687378,
    3.1840221881866455,
    4.0,
    0.9042584896087646,
    4.0,
    4.0,
    4.0,
    3.196532964706421,
    4.0,
    4.0,
    3.0124027729034424,
    4.0,
    4.0,
    0.9207980632781982,
    3.5154943466186523,
    1.9997408390045166,
    0.560030996799469,
    4.0,
    0.8180731534957886,
    4.0,
    3.0832924842834473,
    1.0,
    4.0,
    4.0,
    4.0,
    4.0,
    2.553609609603882,
    4.0,
    4.0,
    4.0
  ]
}