{
  "objective_config": {
    "use_class_weights": false,
    "class_weight_method": "inv_sqrt",
    "class_weight_beta": 0.9999,
    "class_weight_clip_min": 0.25,
    "class_weight_clip_max": 20.0,
    "class_weight_eps": 1e-12,
    "label_smoothing": 0.0
  },
  "uncalibrated": {
    "accuracy": 0.37944612153825963,
    "macro_f1": 0.14368720025915724,
    "micro_f1": 0.37944612153825963,
    "cohen_kappa": 0.22103728973652137,
    "brier_score": 0.7810611128807068,
    "ece": 0.1074666746820282,
    "nll": 2.2289607524871826,
    "macro_roc_auc_ovr": 0.8268892678446226,
    "macro_pr_auc_ovr": 0.18737286026926064,
    "macro_f1_present_only": 0.14368720025915724,
    "kappa": 0.22103728973652137,
    "objective_loss": 2.2289606381830134,
    "nll_loss": 2.2289606381830134,
    "loss": 2.2289606381830134
  },
  "summary": {
    "objective_loss": 2.2289606381830134,
    "nll_loss": 2.2289606381830134,
    "macro_f1": 0.14368720025915724,
    "micro_f1": 0.37944612153825963,
    "accuracy": 0.37944612153825963,
    "kappa": 0.22103728973652137,
    "macro_pr_auc_ovr": 0.18737286026926064,
    "macro_roc_auc_ovr": 0.8268892678446226
  }
}