{
  "objective_config": {
    "use_class_weights": false,
    "class_weight_method": "inv_sqrt",
    "class_weight_normalize": "sample_mean",
    "class_weight_beta": 0.9999,
    "class_weight_clip_min": 0.25,
    "class_weight_clip_max": 4.0,
    "class_weight_eps": 1e-12,
    "label_smoothing": 0.0,
    "logit_adjust_tau": 0.5,
    "logit_adjust_eps": 1e-12
  },
  "tail_definition": {
    "fraction": 0.2,
    "include_zero_count": true,
    "tail_k": 18,
    "tail_class_ids": [
      12,
      25,
      27,
      30,
      44,
      45,
      64,
      85,
      34,
      41,
      78,
      51,
      43,
      40,
      83,
      42,
      61,
      0
    ]
  },
  "uncalibrated": {
    "accuracy": 0.5960115443873012,
    "macro_f1": 0.4458880972385811,
    "micro_f1": 0.5960115443873012,
    "cohen_kappa": 0.5031640899705379,
    "brier_score": 0.5787505507469177,
    "ece": 0.13537309896858518,
    "nll": 1.759448528289795,
    "n_classes_total": 86.0,
    "n_classes_missing_pos": 1.0,
    "n_classes_missing_neg": 0.0,
    "macro_roc_auc_ovr": 0.9148031465818655,
    "macro_pr_auc_ovr": 0.4798691444272321,
    "n_classes_scored": 85.0,
    "tail_k": 18.0,
    "tail_definition": "bottom_20pct_train_support_including_zero",
    "tail_class_ids": [
      12,
      25,
      27,
      30,
      44,
      45,
      64,
      85,
      34,
      41,
      78,
      51,
      43,
      40,
      83,
      42,
      61,
      0
    ],
    "tail_macro_pr_auc_ovr": 0.1694018357963596,
    "tail_n_classes_scored": 17.0,
    "macro_f1_present_only": 0.4458880972385811,
    "kappa": 0.5031640899705379,
    "objective_loss": 1.772293746927982,
    "nll_loss": 1.772293746927982,
    "loss": 1.772293746927982
  },
  "summary": {
    "objective_loss": 1.772293746927982,
    "nll_loss": 1.772293746927982,
    "macro_f1": 0.4458880972385811,
    "micro_f1": 0.5960115443873012,
    "accuracy": 0.5960115443873012,
    "kappa": 0.5031640899705379,
    "macro_pr_auc_ovr": 0.4798691444272321,
    "tail_macro_pr_auc_ovr": 0.1694018357963596,
    "macro_roc_auc_ovr": 0.9148031465818655
  }
}