{
  "objective_config": {
    "use_class_weights": false,
    "class_weight_method": "inv_sqrt",
    "class_weight_normalize": "sample_mean",
    "class_weight_beta": 0.9999,
    "class_weight_clip_min": 0.25,
    "class_weight_clip_max": 4.0,
    "class_weight_eps": 1e-12,
    "label_smoothing": 0.0,
    "logit_adjust_tau": 0.5,
    "logit_adjust_eps": 1e-12
  },
  "tail_definition": {
    "fraction": 0.2,
    "include_zero_count": true,
    "tail_k": 18,
    "tail_class_ids": [
      14,
      21,
      41,
      45,
      42,
      25,
      51,
      61,
      0,
      27,
      16,
      43,
      30,
      40,
      6,
      49,
      83,
      37
    ]
  },
  "uncalibrated": {
    "accuracy": 0.6401434470767224,
    "macro_f1": 0.4798284187669334,
    "micro_f1": 0.6401434470767224,
    "cohen_kappa": 0.5670440957597555,
    "brier_score": 0.5529347658157349,
    "ece": 0.1930765037632745,
    "nll": 1.9156004190444946,
    "n_classes_total": 86.0,
    "n_classes_missing_pos": 0.0,
    "n_classes_missing_neg": 0.0,
    "macro_roc_auc_ovr": 0.9459212975023658,
    "macro_pr_auc_ovr": 0.5132255751764663,
    "n_classes_scored": 86.0,
    "tail_k": 18.0,
    "tail_definition": "bottom_20pct_train_support_including_zero",
    "tail_class_ids": [
      14,
      21,
      41,
      45,
      42,
      25,
      51,
      61,
      0,
      27,
      16,
      43,
      30,
      40,
      6,
      49,
      83,
      37
    ],
    "tail_macro_pr_auc_ovr": 0.2817044907244808,
    "tail_n_classes_scored": 18.0,
    "macro_f1_present_only": 0.4798284187669334,
    "kappa": 0.5670440957597555,
    "objective_loss": 1.9160642236777232,
    "nll_loss": 1.9160642236777232,
    "loss": 1.9160642236777232
  },
  "summary": {
    "objective_loss": 1.9160642236777232,
    "nll_loss": 1.9160642236777232,
    "macro_f1": 0.4798284187669334,
    "micro_f1": 0.6401434470767224,
    "accuracy": 0.6401434470767224,
    "kappa": 0.5670440957597555,
    "macro_pr_auc_ovr": 0.5132255751764663,
    "tail_macro_pr_auc_ovr": 0.2817044907244808,
    "macro_roc_auc_ovr": 0.9459212975023658
  }
}