{
  "objective_config": {
    "use_class_weights": false,
    "class_weight_method": "inv_sqrt",
    "class_weight_normalize": "sample_mean",
    "class_weight_beta": 0.9999,
    "class_weight_clip_min": 0.25,
    "class_weight_clip_max": 4.0,
    "class_weight_eps": 1e-12,
    "label_smoothing": 0.0,
    "logit_adjust_tau": 0.5,
    "logit_adjust_eps": 1e-12
  },
  "tail_definition": {
    "fraction": 0.2,
    "include_zero_count": true,
    "tail_k": 18,
    "tail_class_ids": [
      12,
      21,
      30,
      34,
      85,
      6,
      64,
      25,
      41,
      27,
      0,
      42,
      51,
      43,
      40,
      61,
      78,
      37
    ]
  },
  "uncalibrated": {
    "accuracy": 0.6348536036036037,
    "macro_f1": 0.526590901891168,
    "micro_f1": 0.6348536036036037,
    "cohen_kappa": 0.5575662299879718,
    "brier_score": 0.5867916345596313,
    "ece": 0.2267949445733358,
    "nll": 2.1478431224823,
    "n_classes_total": 86.0,
    "n_classes_missing_pos": 0.0,
    "n_classes_missing_neg": 0.0,
    "macro_roc_auc_ovr": 0.9421745258107642,
    "macro_pr_auc_ovr": 0.5652739290300397,
    "n_classes_scored": 86.0,
    "tail_k": 18.0,
    "tail_definition": "bottom_20pct_train_support_including_zero",
    "tail_class_ids": [
      12,
      21,
      30,
      34,
      85,
      6,
      64,
      25,
      41,
      27,
      0,
      42,
      51,
      43,
      40,
      61,
      78,
      37
    ],
    "tail_macro_pr_auc_ovr": 0.22292291855485946,
    "tail_n_classes_scored": 18.0,
    "macro_f1_present_only": 0.526590901891168,
    "kappa": 0.5575662299879718,
    "objective_loss": 2.1665266272114954,
    "nll_loss": 2.1665266272114954,
    "loss": 2.1665266272114954
  },
  "summary": {
    "objective_loss": 2.1665266272114954,
    "nll_loss": 2.1665266272114954,
    "macro_f1": 0.526590901891168,
    "micro_f1": 0.6348536036036037,
    "accuracy": 0.6348536036036037,
    "kappa": 0.5575662299879718,
    "macro_pr_auc_ovr": 0.5652739290300397,
    "tail_macro_pr_auc_ovr": 0.22292291855485946,
    "macro_roc_auc_ovr": 0.9421745258107642
  }
}