{
  "beta": 0.9999,
  "clip_max": 4.0,
  "clip_min": 0.25,
  "cv_seen": 0.32139724669976744,
  "enabled": true,
  "eps": 1e-12,
  "max_weight": 4.0,
  "mean_after_clipping": 3.242237928841517,
  "mean_after_normalization": 0.9999999999999997,
  "mean_seen_after_clipping": 3.380647677535437,
  "method": "inv_sqrt",
  "min_weight": 0.3394494110056768,
  "n_seen": 81,
  "n_unseen": 5,
  "normalize": "sample_mean",
  "sat_max_seen": 0.654320987654321,
  "sat_min_seen": 0.0,
  "unique_seen_weights": 29,
  "weights": [
    4.0,
    4.0,
    3.171035051345825,
    1.1010725498199463,
    4.0,
    1.551659107208252,
    4.0,
    4.0,
    1.9529825448989868,
    4.0,
    4.0,
    4.0,
    4.0,
    4.0,
    1.0,
    1.1248961687088013,
    4.0,
    4.0,
    4.0,
    1.2063978910446167,
    3.76007080078125,
    4.0,
    4.0,
    4.0,
    3.6011219024658203,
    4.0,
    2.810822010040283,
    4.0,
    4.0,
    3.0816919803619385,
    4.0,
    2.5776777267456055,
    3.925924301147461,
    4.0,
    4.0,
    1.0,
    1.4359006881713867,
    4.0,
    4.0,
    4.0,
    4.0,
    4.0,
    4.0,
    1.0,
    4.0,
    4.0,
    0.46621760725975037,
    4.0,
    0.339449405670166,
    1.0,
    4.0,
    4.0,
    4.0,
    2.2482798099517822,
    4.0,
    4.0,
    3.1213550567626953,
    3.483020067214966,
    4.0,
    0.9650585651397705,
    4.0,
    4.0,
    4.0,
    2.8844804763793945,
    4.0,
    4.0,
    2.4668490886688232,
    4.0,
    4.0,
    0.9777315855026245,
    3.7183680534362793,
    2.046438217163086,
    0.5594443082809448,
    4.0,
    0.7997388243675232,
    4.0,
    3.991910696029663,
    4.0,
    4.0,
    4.0,
    4.0,
    4.0,
    2.462867021560669,
    4.0,
    4.0,
    1.0
  ]
}