{
  "objective_config": {
    "use_class_weights": false,
    "class_weight_method": "inv_sqrt",
    "class_weight_normalize": "sample_mean",
    "class_weight_beta": 0.9999,
    "class_weight_clip_min": 0.25,
    "class_weight_clip_max": 4.0,
    "class_weight_eps": 1e-12,
    "label_smoothing": 0.0,
    "logit_adjust_tau": 0.0,
    "logit_adjust_eps": 1e-12
  },
  "tail_definition": {
    "fraction": 0.2,
    "include_zero_count": true,
    "tail_k": 18,
    "tail_class_ids": [
      14,
      35,
      42,
      49,
      55,
      77,
      41,
      25,
      62,
      51,
      61,
      0,
      79,
      27,
      43,
      30,
      40,
      6
    ]
  },
  "uncalibrated": {
    "accuracy": 0.6400867678958785,
    "macro_f1": 0.5089797233685528,
    "micro_f1": 0.6400867678958785,
    "cohen_kappa": 0.5648420623684178,
    "brier_score": 0.5467994809150696,
    "ece": 0.17502994462750737,
    "nll": 1.803975224494934,
    "n_classes_total": 86.0,
    "n_classes_missing_pos": 1.0,
    "n_classes_missing_neg": 0.0,
    "macro_roc_auc_ovr": 0.9253789091987189,
    "macro_pr_auc_ovr": 0.560162968049059,
    "n_classes_scored": 85.0,
    "tail_k": 18.0,
    "tail_definition": "bottom_20pct_train_support_including_zero",
    "tail_class_ids": [
      14,
      35,
      42,
      49,
      55,
      77,
      41,
      25,
      62,
      51,
      61,
      0,
      79,
      27,
      43,
      30,
      40,
      6
    ],
    "tail_macro_pr_auc_ovr": 0.272916596961452,
    "tail_n_classes_scored": 18.0,
    "macro_f1_present_only": 0.5089797233685528,
    "kappa": 0.5648420623684178,
    "objective_loss": 1.8101406766496873,
    "nll_loss": 1.8101406766496873,
    "loss": 1.8101406766496873
  },
  "summary": {
    "objective_loss": 1.8101406766496873,
    "nll_loss": 1.8101406766496873,
    "macro_f1": 0.5089797233685528,
    "micro_f1": 0.6400867678958785,
    "accuracy": 0.6400867678958785,
    "kappa": 0.5648420623684178,
    "macro_pr_auc_ovr": 0.560162968049059,
    "tail_macro_pr_auc_ovr": 0.272916596961452,
    "macro_roc_auc_ovr": 0.9253789091987189
  }
}