{
  "objective_config": {
    "use_class_weights": false,
    "class_weight_method": "inv_sqrt",
    "class_weight_normalize": "sample_mean",
    "class_weight_beta": 0.9999,
    "class_weight_clip_min": 0.25,
    "class_weight_clip_max": 4.0,
    "class_weight_eps": 1e-12,
    "label_smoothing": 0.0,
    "logit_adjust_tau": 0.0,
    "logit_adjust_eps": 1e-12
  },
  "tail_definition": {
    "fraction": 0.2,
    "include_zero_count": true,
    "tail_k": 18,
    "tail_class_ids": [
      14,
      21,
      41,
      45,
      42,
      25,
      51,
      61,
      0,
      27,
      16,
      43,
      30,
      40,
      6,
      49,
      83,
      37
    ]
  },
  "uncalibrated": {
    "accuracy": 0.627667898282982,
    "macro_f1": 0.4635228421298817,
    "micro_f1": 0.627667898282982,
    "cohen_kappa": 0.5542161237060473,
    "brier_score": 0.5548648238182068,
    "ece": 0.16563811732152056,
    "nll": 1.7720226049423218,
    "n_classes_total": 86.0,
    "n_classes_missing_pos": 0.0,
    "n_classes_missing_neg": 0.0,
    "macro_roc_auc_ovr": 0.9427797925902442,
    "macro_pr_auc_ovr": 0.5090662928665416,
    "n_classes_scored": 86.0,
    "tail_k": 18.0,
    "tail_definition": "bottom_20pct_train_support_including_zero",
    "tail_class_ids": [
      14,
      21,
      41,
      45,
      42,
      25,
      51,
      61,
      0,
      27,
      16,
      43,
      30,
      40,
      6,
      49,
      83,
      37
    ],
    "tail_macro_pr_auc_ovr": 0.2884581350783371,
    "tail_n_classes_scored": 18.0,
    "macro_f1_present_only": 0.4635228421298817,
    "kappa": 0.5542161237060473,
    "objective_loss": 1.7722055506483416,
    "nll_loss": 1.7722055506483416,
    "loss": 1.7722055506483416
  },
  "summary": {
    "objective_loss": 1.7722055506483416,
    "nll_loss": 1.7722055506483416,
    "macro_f1": 0.4635228421298817,
    "micro_f1": 0.627667898282982,
    "accuracy": 0.627667898282982,
    "kappa": 0.5542161237060473,
    "macro_pr_auc_ovr": 0.5090662928665416,
    "tail_macro_pr_auc_ovr": 0.2884581350783371,
    "macro_roc_auc_ovr": 0.9427797925902442
  }
}