{
  "objective_config": {
    "use_class_weights": false,
    "class_weight_method": "inv_sqrt",
    "class_weight_normalize": "sample_mean",
    "class_weight_beta": 0.9999,
    "class_weight_clip_min": 0.25,
    "class_weight_clip_max": 4.0,
    "class_weight_eps": 1e-12,
    "label_smoothing": 0.0,
    "logit_adjust_tau": 2.0,
    "logit_adjust_eps": 1e-12
  },
  "tail_definition": {
    "fraction": 0.2,
    "include_zero_count": true,
    "tail_k": 18,
    "tail_class_ids": [
      14,
      35,
      43,
      49,
      85,
      61,
      42,
      25,
      27,
      41,
      51,
      0,
      30,
      40,
      65,
      37,
      6,
      78
    ]
  },
  "uncalibrated": {
    "accuracy": 0.4479590497440609,
    "macro_f1": 0.31503381675772363,
    "micro_f1": 0.4479590497440609,
    "cohen_kappa": 0.31125016181439136,
    "brier_score": 0.8432086110115051,
    "ece": 0.3223205519553354,
    "nll": 3.125023126602173,
    "n_classes_total": 86.0,
    "n_classes_missing_pos": 21.0,
    "n_classes_missing_neg": 0.0,
    "macro_roc_auc_ovr": 0.8396799495555151,
    "macro_pr_auc_ovr": 0.3485188318420534,
    "n_classes_scored": 65.0,
    "tail_k": 18.0,
    "tail_definition": "bottom_20pct_train_support_including_zero",
    "tail_class_ids": [
      14,
      35,
      43,
      49,
      85,
      61,
      42,
      25,
      27,
      41,
      51,
      0,
      30,
      40,
      65,
      37,
      6,
      78
    ],
    "tail_macro_pr_auc_ovr": 0.007533262216920205,
    "tail_n_classes_scored": 9.0,
    "macro_f1_present_only": 0.31503381675772363,
    "kappa": 0.31125016181439136,
    "objective_loss": 3.4514664740508616,
    "nll_loss": 3.4514664740508616,
    "loss": 3.4514664740508616
  },
  "summary": {
    "objective_loss": 3.4514664740508616,
    "nll_loss": 3.4514664740508616,
    "macro_f1": 0.31503381675772363,
    "micro_f1": 0.4479590497440609,
    "accuracy": 0.4479590497440609,
    "kappa": 0.31125016181439136,
    "macro_pr_auc_ovr": 0.3485188318420534,
    "tail_macro_pr_auc_ovr": 0.007533262216920205,
    "macro_roc_auc_ovr": 0.8396799495555151
  }
}