{
  "objective_config": {
    "use_class_weights": false,
    "class_weight_method": "inv_sqrt",
    "class_weight_normalize": "sample_mean",
    "class_weight_beta": 0.9999,
    "class_weight_clip_min": 0.25,
    "class_weight_clip_max": 4.0,
    "class_weight_eps": 0.001,
    "label_smoothing": 0.0,
    "logit_adjust_tau": 0.5,
    "logit_adjust_eps": 1e-12
  },
  "tail_definition": {
    "fraction": 0.2,
    "include_zero_count": true,
    "tail_k": 18,
    "tail_class_ids": [
      12,
      30,
      64,
      85,
      25,
      34,
      41,
      27,
      51,
      42,
      78,
      43,
      40,
      0,
      61,
      6,
      37,
      49
    ]
  },
  "uncalibrated": {
    "accuracy": 0.6438704351415351,
    "macro_f1": 0.5207413882120956,
    "micro_f1": 0.6438704351415351,
    "cohen_kappa": 0.5715328709590571,
    "brier_score": 0.5402078032493591,
    "ece": 0.17505534447035043,
    "nll": 1.687110185623169,
    "n_classes_total": 86.0,
    "n_classes_missing_pos": 1.0,
    "n_classes_missing_neg": 0.0,
    "macro_roc_auc_ovr": 0.948638191902335,
    "macro_pr_auc_ovr": 0.6003180898311503,
    "n_classes_scored": 85.0,
    "tail_k": 18.0,
    "tail_definition": "bottom_20pct_train_support_including_zero",
    "tail_class_ids": [
      12,
      30,
      64,
      85,
      25,
      34,
      41,
      27,
      51,
      42,
      78,
      43,
      40,
      0,
      61,
      6,
      37,
      49
    ],
    "tail_macro_pr_auc_ovr": 0.39730263356165824,
    "tail_n_classes_scored": 17.0,
    "macro_f1_present_only": 0.5207413882120956,
    "kappa": 0.5715328709590571,
    "objective_loss": 1.6874221332157742,
    "nll_loss": 1.6874221332157742,
    "loss": 1.6874221332157742
  },
  "summary": {
    "objective_loss": 1.6874221332157742,
    "nll_loss": 1.6874221332157742,
    "macro_f1": 0.5207413882120956,
    "micro_f1": 0.6438704351415351,
    "accuracy": 0.6438704351415351,
    "kappa": 0.5715328709590571,
    "macro_pr_auc_ovr": 0.6003180898311503,
    "tail_macro_pr_auc_ovr": 0.39730263356165824,
    "macro_roc_auc_ovr": 0.948638191902335
  }
}