{
  "beta": 0.9999,
  "clip_max": 4.0,
  "clip_min": 0.25,
  "cv_seen": 0.32534779250883716,
  "enabled": true,
  "eps": 1e-12,
  "max_weight": 4.0,
  "mean_after_clipping": 3.2330674645292197,
  "mean_after_normalization": 1.0000000000000004,
  "mean_seen_after_clipping": 3.3419975847501573,
  "method": "inv_sqrt",
  "min_weight": 0.3351468641250652,
  "n_seen": 82,
  "n_unseen": 4,
  "normalize": "sample_mean",
  "sat_max_seen": 0.6341463414634146,
  "sat_min_seen": 0.0,
  "unique_seen_weights": 31,
  "weights": [
    4.0,
    4.0,
    3.4932594299316406,
    1.3456614017486572,
    4.0,
    1.5287128686904907,
    4.0,
    4.0,
    1.8906546831130981,
    3.0289838314056396,
    4.0,
    4.0,
    1.0,
    4.0,
    4.0,
    1.0736448764801025,
    4.0,
    4.0,
    4.0,
    1.1653770208358765,
    3.7200803756713867,
    4.0,
    4.0,
    4.0,
    2.7356772422790527,
    4.0,
    2.6051480770111084,
    4.0,
    4.0,
    4.0,
    1.0,
    2.0455870628356934,
    3.784040689468384,
    4.0,
    4.0,
    4.0,
    1.5089136362075806,
    4.0,
    4.0,
    4.0,
    4.0,
    4.0,
    4.0,
    4.0,
    4.0,
    4.0,
    0.4408164620399475,
    4.0,
    0.33514687418937683,
    4.0,
    4.0,
    4.0,
    4.0,
    2.417107343673706,
    4.0,
    4.0,
    4.0,
    2.1931848526000977,
    4.0,
    0.9135806560516357,
    3.363231658935547,
    4.0,
    4.0,
    3.017827272415161,
    1.0,
    4.0,
    2.4823660850524902,
    4.0,
    3.8746891021728516,
    0.9732916355133057,
    3.006793260574341,
    2.2347965240478516,
    0.5393379926681519,
    4.0,
    0.9076368808746338,
    2.974403142929077,
    4.0,
    4.0,
    4.0,
    4.0,
    4.0,
    4.0,
    2.4461252689361572,
    4.0,
    3.99772572517395,
    1.0
  ]
}