{
  "eps": 1e-12,
  "log_priors": [
    -9.189583575319315,
    -6.425963523062427,
    -5.822287745332978,
    -3.914388626192274,
    -6.307179987072461,
    -4.1694695372686565,
    -8.832908631380624,
    -6.201019791244071,
    -4.594463725184865,
    -5.537071765376392,
    -6.260296401173611,
    -6.581616832774219,
    -38.766514840303316,
    -6.158759981954189,
    -6.307179987072461,
    -3.462735827732259,
    -7.669757821575012,
    -8.0909712866513,
    -6.858827605358701,
    -3.6267065537404926,
    -5.948107918534009,
    -7.075050713828333,
    -8.302280380318495,
    -7.223470718946604,
    -5.333375348997704,
    -11.13549372437377,
    -5.235596370792275,
    -10.036881435706327,
    -6.753467089700876,
    -6.416994853079666,
    -38.766514840303316,
    -4.751987089490763,
    -5.982202129876986,
    -6.260296401173611,
    -11.13549372437377,
    -7.839656858370404,
    -4.143397296958881,
    -8.832908631380624,
    -7.146509677810477,
    -6.435013358582345,
    -9.343734255146549,
    -10.442346543814324,
    -9.749199363254629,
    -9.52605581194047,
    -8.0909712866513,
    -8.302280380318495,
    -1.6823640488375429,
    -7.957439894026783,
    -1.1342444540561463,
    -8.49643639475944,
    -8.0909712866513,
    -10.036881435706327,
    -6.692842467884442,
    -5.08576026914281,
    -7.075050713828333,
    -8.191054745208277,
    -6.27568132001309,
    -4.891326823711032,
    -7.7342963427125815,
    -3.1398501200874986,
    -5.746421994558265,
    -8.93826914703844,
    -8.139761450820728,
    -5.529691658078769,
    -38.766514840303316,
    -7.024619860201442,
    -5.1390416357557465,
    -6.356370231263233,
    -6.029548250474184,
    -3.2664743478757465,
    -5.522365617986696,
    -4.928917797649841,
    -2.0857916983613998,
    -6.381903533268397,
    -3.1267955413862407,
    -5.5007041212055166,
    -7.243673426264123,
    -8.24512196647855,
    -9.749199363254629,
    -7.8773971863532495,
    -7.446614270260809,
    -6.111613203528488,
    -5.109627750549453,
    -7.957439894026783,
    -6.092068607455517,
    -38.766514840303316
  ],
  "num_classes": 86,
  "priors": [
    0.00010209737172195955,
    0.0016189726087337134,
    0.002960823779936419,
    0.019952743502231543,
    0.0018231673521776034,
    0.015460459146465965,
    0.00014585338817422168,
    0.0020273620956214934,
    0.010107639800472567,
    0.003938041480703607,
    0.0019106793850821276,
    0.001385607187654982,
    1.458533881742071e-17,
    0.0021148741285260176,
    0.0018231673521776034,
    0.03134389311863712,
    0.0004667308421574773,
    0.00030629211516584946,
    0.0010501443948543055,
    0.02660365800297539,
    0.0026107756483183214,
    0.0008459496514104158,
    0.00024795075989616664,
    0.0007292669408710501,
    0.00482774714856627,
    1.4585338817435297e-05,
    0.0053236486683585745,
    4.3756016452276715e-05,
    0.0011668271053936713,
    0.001633557947551134,
    1.458533881742071e-17,
    0.008634520579913076,
    0.002523263615413797,
    0.0019106793850821276,
    1.4585338817435297e-05,
    0.0003938041480703737,
    0.015868848633353746,
    0.00014585338817422168,
    0.000787608296140733,
    0.0016043872699162925,
    8.751203290453885e-05,
    2.9170677634856007e-05,
    5.8341355269697425e-05,
    7.292669408711814e-05,
    0.00030629211516584946,
    0.00024795075989616664,
    0.18593389924447923,
    0.0003500481316181116,
    0.32166506227939634,
    0.00020419474344390452,
    0.00030629211516584946,
    4.3756016452276715e-05,
    0.0012397537994807749,
    0.006184183658586396,
    0.0008459496514104158,
    0.0002771214375310081,
    0.0018815087074472861,
    0.007511449490971681,
    0.0004375601645226359,
    0.04328928561010468,
    0.00319418920101515,
    0.00013126804935680099,
    0.00029170677634842877,
    0.003967212158338448,
    1.458533881742071e-17,
    0.0008897056678626779,
    0.00586330620460314,
    0.001735655319273079,
    0.0024065809048744316,
    0.03814066100755517,
    0.0039963828359732894,
    0.007234328053440687,
    0.1242087453691548,
    0.0016918993028208168,
    0.043858113823984086,
    0.004083894868877814,
    0.0007146816020536294,
    0.00026253609871358733,
    5.8341355269697425e-05,
    0.000379218809252953,
    0.000583413552696843,
    0.0022169715002479623,
    0.006038330270412189,
    0.0003500481316181116,
    0.0022607275167002244,
    1.458533881742071e-17
  ]
}