{
  "objective_config": {
    "colsample_bytree": 0.8,
    "early_stopping_rounds": 30,
    "ecfp_bits": 2048,
    "ecfp_radius": 2,
    "learning_rate": 0.05,
    "max_depth": 8,
    "min_child_weight": 1.0,
    "model_family": "xgboost",
    "n_estimators": 600,
    "num_classes_total": 86,
    "num_classes_trained": 86,
    "pair_representation": "sorted_concat_ecfp4",
    "reg_lambda": 1.0,
    "run_seed": 45,
    "subsample": 0.8,
    "tree_method": "hist",
    "use_class_weights": false
  },
  "summary": {
    "accuracy": 0.8522158498435871,
    "kappa": 0.8228519555369038,
    "macro_f1": 0.7532404799682625,
    "macro_pr_auc_ovr": 0.8224644708151337,
    "macro_roc_auc_ovr": 0.9950786116473851,
    "micro_f1": 0.8522158498435871,
    "nll_loss": 0.4874227246527442,
    "objective_loss": 0.4874227246527442,
    "tail_macro_pr_auc_ovr": 0.588122541197985
  },
  "tail_definition": {
    "fraction": 0.2,
    "include_zero_count": true,
    "tail_class_ids": [
      25,
      41,
      0,
      51,
      27,
      42,
      61,
      43,
      40,
      30,
      6,
      45,
      49,
      78,
      77,
      85,
      37,
      44
    ],
    "tail_k": 18
  },
  "uncalibrated": {
    "accuracy": 0.8522158498435871,
    "brier_score": 0.22796510349547036,
    "cohen_kappa": 0.8228519555369038,
    "ece": 0.08744924670479592,
    "kappa": 0.8228519555369038,
    "loss": 0.4874227246527442,
    "macro_f1": 0.7532404799682625,
    "macro_f1_present_only": 0.7532404799682625,
    "macro_pr_auc_ovr": 0.8224644708151337,
    "macro_roc_auc_ovr": 0.9950786116473851,
    "micro_f1": 0.8522158498435871,
    "n_classes_missing_neg": 0,
    "n_classes_missing_pos": 0,
    "n_classes_scored": 86,
    "n_classes_total": 86,
    "nll": 0.4874227246527442,
    "nll_loss": 0.4874227246527442,
    "objective_loss": 0.4874227246527442,
    "tail_class_ids": [
      25,
      41,
      0,
      51,
      27,
      42,
      61,
      43,
      40,
      30,
      6,
      45,
      49,
      78,
      77,
      85,
      37,
      44
    ],
    "tail_definition": "bottom_20pct_train_support_including_zero",
    "tail_k": 18,
    "tail_macro_pr_auc_ovr": 0.588122541197985,
    "tail_n_classes_scored": 18
  }
}