{
  "beta": 0.9999,
  "clip_max": 4.0,
  "clip_min": 0.25,
  "cv_seen": 0.3288987991787429,
  "enabled": false,
  "eps": 1e-12,
  "max_weight": 4.0,
  "mean_after_clipping": 3.151489800144813,
  "mean_after_normalization": 1.0,
  "mean_seen_after_clipping": 3.3128515351556738,
  "method": "inv_sqrt",
  "min_weight": 0.3374966898516733,
  "n_seen": 80,
  "n_unseen": 6,
  "normalize": "sample_mean",
  "sat_max_seen": 0.6,
  "sat_min_seen": 0.0,
  "unique_seen_weights": 33,
  "weights": [
    4.0,
    3.8065273761749268,
    3.773758888244629,
    1.2889840602874756,
    4.0,
    1.27503502368927,
    4.0,
    4.0,
    2.081897020339966,
    3.3207712173461914,
    3.959083080291748,
    4.0,
    1.0,
    4.0,
    4.0,
    1.0322338342666626,
    4.0,
    4.0,
    4.0,
    1.076648473739624,
    4.0,
    4.0,
    4.0,
    4.0,
    3.313448667526245,
    4.0,
    2.515040874481201,
    1.0,
    4.0,
    4.0,
    1.0,
    2.0363664627075195,
    3.5658669471740723,
    4.0,
    4.0,
    4.0,
    1.5065792798995972,
    4.0,
    4.0,
    4.0,
    4.0,
    4.0,
    4.0,
    4.0,
    4.0,
    4.0,
    0.43458229303359985,
    4.0,
    0.33749669790267944,
    1.0,
    4.0,
    4.0,
    4.0,
    2.5475783348083496,
    4.0,
    1.0,
    3.015906572341919,
    2.5246710777282715,
    4.0,
    1.038917899131775,
    3.495248794555664,
    4.0,
    4.0,
    2.901665449142456,
    4.0,
    4.0,
    2.6916213035583496,
    4.0,
    4.0,
    0.9944728016853333,
    2.988760232925415,
    2.0535223484039307,
    0.562237560749054,
    4.0,
    0.8884968161582947,
    3.195937395095825,
    2.8632309436798096,
    4.0,
    4.0,
    4.0,
    4.0,
    4.0,
    2.3665363788604736,
    4.0,
    3.574998617172241,
    1.0
  ]
}