{
  "eps": 1e-12,
  "log_priors": [
    -8.938473320936975,
    -5.988203421459846,
    -5.970911924349785,
    -3.8224775111830027,
    -6.603098405120038,
    -3.80071601940149,
    -8.650791248485222,
    -8.139965624719263,
    -4.781327857475953,
    -5.715162899001014,
    -6.066793696053067,
    -6.28366763435368,
    -38.766719014201854,
    -6.31541633266826,
    -6.260500575072146,
    -3.3782191316891255,
    -7.768402068286797,
    -7.609337373657114,
    -7.3515082643550205,
    -3.462474777151596,
    -6.365013273807632,
    -7.916822073405064,
    -8.30248455421703,
    -7.3515082643550205,
    -5.710747880791898,
    -10.037085609604862,
    -5.1593469889753685,
    -38.766719014201854,
    -6.658361083795087,
    -6.7412487436008535,
    -38.766719014201854,
    -4.737102963738096,
    -5.857583239042783,
    -6.946043156246864,
    -11.135697898272305,
    -7.184454179691858,
    -4.134452276203828,
    -8.427647697171029,
    -7.307056501784188,
    -6.540578048138705,
    -9.18978774921785,
    -10.442550717712859,
    -10.037085609604862,
    -9.343938429045084,
    -8.044655444914943,
    -8.363109176033461,
    -1.6480288659248328,
    -7.3515082643550205,
    -1.1423696417373874,
    -38.766719014201854,
    -7.957644067925318,
    -9.749403537153164,
    -6.323513542900879,
    -5.1850553456855755,
    -6.946043156246864,
    -38.766719014201854,
    -5.522569791885231,
    -5.1669903382879365,
    -7.877601360251784,
    -3.391128088918809,
    -5.817577904429084,
    -8.938473320936975,
    -8.091175460549834,
    -5.445338443949241,
    -11.135697898272305,
    -6.916190193097184,
    -5.295056240899903,
    -6.7536712635994105,
    -6.31541633266826,
    -3.3036837177678353,
    -5.504486116451935,
    -4.753881880867205,
    -2.1631072300006937,
    -6.131751592327839,
    -3.078320409715313,
    -5.638529672980098,
    -5.41867019686708,
    -8.427647697171029,
    -10.037085609604862,
    -7.580349836783863,
    -7.285550296563225,
    -6.31541633266826,
    -5.037623616107062,
    -7.552178959817167,
    -5.862698339709553,
    -38.766719014201854
  ],
  "num_classes": 86,
  "priors": [
    0.00013124125058330886,
    0.0025081661222585276,
    0.0025519132057862924,
    0.021873541763882395,
    0.0013561595893607221,
    0.022354759682687804,
    0.00017498833411107363,
    0.0002916472235184463,
    0.008384857676154928,
    0.003295613625758293,
    0.0023185954269715468,
    0.0018665422305179777,
    1.4582361175921586e-17,
    0.0018082127858142913,
    0.0019102893140457424,
    0.034108142790480606,
    0.00042288847410174057,
    0.0004958002799813486,
    0.0006416238917405644,
    0.03135207652823142,
    0.0017207186187587617,
    0.0003645590293980542,
    0.00024790013999068154,
    0.0006416238917405644,
    0.0033101959869342146,
    4.3747083527779345e-05,
    0.00574545030331312,
    1.4582361175921586e-17,
    0.0012832477834811141,
    0.001181171255249663,
    1.4582361175921586e-17,
    0.008763999066728888,
    0.0028581427904806455,
    0.0009624358376108392,
    1.4582361175936171e-05,
    0.0007582827811479371,
    0.016011432571161915,
    0.00021873541763883837,
    0.0006707886140924076,
    0.0014436537564162515,
    0.00010207652823146569,
    2.9164722351857756e-05,
    4.3747083527779345e-05,
    8.749416705554411e-05,
    0.0003208119458702895,
    0.00023331777881475995,
    0.19242883807746128,
    0.0006416238917405644,
    0.3190620625291643,
    1.4582361175921586e-17,
    0.00034997666822213263,
    5.832944470370093e-05,
    0.0017936304246383697,
    0.005599626691553904,
    0.0009624358376108392,
    1.4582361175921586e-17,
    0.003995566962202529,
    0.0057017032197853555,
    0.0003791413905739758,
    0.03367067195520296,
    0.0029748016798880183,
    0.00013124125058330886,
    0.0003062295846943679,
    0.0043163789080728045,
    1.4582361175936171e-05,
    0.0009916005599626824,
    0.00501633224451704,
    0.0011665888940737413,
    0.0018082127858142913,
    0.036747550163322415,
    0.004068478768082137,
    0.008618175454969672,
    0.1149673355109658,
    0.002172771815212331,
    0.04603651423238446,
    0.003558096126924882,
    0.004433037797480177,
    0.00021873541763883837,
    4.3747083527779345e-05,
    0.0005103826411572702,
    0.0006853709752683292,
    0.0018082127858142913,
    0.006489150723285121,
    0.0005249650023331918,
    0.002843560429304724,
    1.4582361175921586e-17
  ]
}