{
  "objective_config": {
    "use_class_weights": true,
    "class_weight_method": "inv_sqrt",
    "class_weight_beta": 0.9999,
    "class_weight_clip_min": 0.25,
    "class_weight_clip_max": 20.0,
    "class_weight_eps": 1e-12,
    "label_smoothing": 0.05
  },
  "uncalibrated": {
    "accuracy": 0.37380233626460163,
    "macro_f1": 0.16220761583810958,
    "micro_f1": 0.37380233626460163,
    "cohen_kappa": 0.22485595480661835,
    "brier_score": 0.7757667899131775,
    "ece": 0.05338044386943317,
    "nll": 2.289680242538452,
    "macro_roc_auc_ovr": 0.8314182094896729,
    "macro_pr_auc_ovr": 0.24313002141195114,
    "macro_f1_present_only": 0.16220761583810958,
    "kappa": 0.22485595480661835,
    "objective_loss": 3.1640130410217555,
    "nll_loss": 2.289680381055297,
    "loss": 3.1640130410217555
  },
  "summary": {
    "objective_loss": 3.1640130410217555,
    "nll_loss": 2.289680381055297,
    "macro_f1": 0.16220761583810958,
    "micro_f1": 0.37380233626460163,
    "accuracy": 0.37380233626460163,
    "kappa": 0.22485595480661835,
    "macro_pr_auc_ovr": 0.24313002141195114,
    "macro_roc_auc_ovr": 0.8314182094896729
  }
}