{
  "objective_config": {
    "colsample_bytree": 0.8,
    "early_stopping_rounds": 30,
    "ecfp_bits": 2048,
    "ecfp_radius": 2,
    "learning_rate": 0.05,
    "max_depth": 8,
    "min_child_weight": 1.0,
    "model_family": "xgboost",
    "n_estimators": 600,
    "num_classes_total": 86,
    "num_classes_trained": 82,
    "pair_representation": "sorted_concat_ecfp4",
    "reg_lambda": 1.0,
    "run_seed": 42,
    "subsample": 0.8,
    "tree_method": "hist",
    "use_class_weights": false
  },
  "summary": {
    "accuracy": 0.6271860268080207,
    "kappa": 0.5318297102877905,
    "macro_f1": 0.5358901707214966,
    "macro_pr_auc_ovr": 0.5962385596229425,
    "macro_roc_auc_ovr": 0.9438594689455746,
    "micro_f1": 0.6271860268080207,
    "nll_loss": 1.368453578564865,
    "objective_loss": 1.368453578564865,
    "tail_macro_pr_auc_ovr": 0.4088105100640186
  },
  "tail_definition": {
    "fraction": 0.2,
    "include_zero_count": true,
    "tail_class_ids": [
      12,
      30,
      64,
      85,
      25,
      34,
      41,
      27,
      51,
      42,
      78,
      43,
      0,
      40,
      61,
      6,
      37,
      49
    ],
    "tail_k": 18
  },
  "uncalibrated": {
    "accuracy": 0.6271860268080207,
    "brier_score": 0.5256083600563969,
    "cohen_kappa": 0.5318297102877905,
    "ece": 0.05253789943159216,
    "kappa": 0.5318297102877905,
    "loss": 1.368453578564865,
    "macro_f1": 0.5358901707214966,
    "macro_f1_present_only": 0.5358901707214966,
    "macro_pr_auc_ovr": 0.5962385596229425,
    "macro_roc_auc_ovr": 0.9438594689455746,
    "micro_f1": 0.6271860268080207,
    "n_classes_missing_neg": 0,
    "n_classes_missing_pos": 1,
    "n_classes_scored": 85,
    "n_classes_total": 86,
    "nll": 1.368453578564865,
    "nll_loss": 1.368453578564865,
    "objective_loss": 1.368453578564865,
    "tail_class_ids": [
      12,
      30,
      64,
      85,
      25,
      34,
      41,
      27,
      51,
      42,
      78,
      43,
      0,
      40,
      61,
      6,
      37,
      49
    ],
    "tail_definition": "bottom_20pct_train_support_including_zero",
    "tail_k": 18,
    "tail_macro_pr_auc_ovr": 0.4088105100640186,
    "tail_n_classes_scored": 17
  }
}