{
  "objective_config": {
    "colsample_bytree": 0.8,
    "early_stopping_rounds": 30,
    "ecfp_bits": 2048,
    "ecfp_radius": 2,
    "learning_rate": 0.05,
    "max_depth": 8,
    "min_child_weight": 1.0,
    "model_family": "xgboost",
    "n_estimators": 600,
    "num_classes_total": 86,
    "num_classes_trained": 86,
    "pair_representation": "sorted_concat_ecfp4",
    "reg_lambda": 1.0,
    "run_seed": 42,
    "subsample": 0.8,
    "tree_method": "hist",
    "use_class_weights": false
  },
  "summary": {
    "accuracy": 0.858029197080292,
    "kappa": 0.8299861150735197,
    "macro_f1": 0.7874605968262153,
    "macro_pr_auc_ovr": 0.8456564795168902,
    "macro_roc_auc_ovr": 0.9966695020631392,
    "micro_f1": 0.858029197080292,
    "nll_loss": 0.4769550438702363,
    "objective_loss": 0.4769550438702363,
    "tail_macro_pr_auc_ovr": 0.6258958779688937
  },
  "tail_definition": {
    "fraction": 0.2,
    "include_zero_count": true,
    "tail_class_ids": [
      41,
      25,
      0,
      51,
      61,
      27,
      42,
      30,
      40,
      43,
      6,
      49,
      45,
      77,
      78,
      85,
      37,
      55
    ],
    "tail_k": 18
  },
  "uncalibrated": {
    "accuracy": 0.858029197080292,
    "brier_score": 0.22359198881863449,
    "cohen_kappa": 0.8299861150735197,
    "ece": 0.0921410343441743,
    "kappa": 0.8299861150735197,
    "loss": 0.4769550438702363,
    "macro_f1": 0.7874605968262153,
    "macro_f1_present_only": 0.7874605968262153,
    "macro_pr_auc_ovr": 0.8456564795168902,
    "macro_roc_auc_ovr": 0.9966695020631392,
    "micro_f1": 0.858029197080292,
    "n_classes_missing_neg": 0,
    "n_classes_missing_pos": 0,
    "n_classes_scored": 86,
    "n_classes_total": 86,
    "nll": 0.4769550438702363,
    "nll_loss": 0.4769550438702363,
    "objective_loss": 0.4769550438702363,
    "tail_class_ids": [
      41,
      25,
      0,
      51,
      61,
      27,
      42,
      30,
      40,
      43,
      6,
      49,
      45,
      77,
      78,
      85,
      37,
      55
    ],
    "tail_definition": "bottom_20pct_train_support_including_zero",
    "tail_k": 18,
    "tail_macro_pr_auc_ovr": 0.6258958779688937,
    "tail_n_classes_scored": 18
  }
}