{
  "objective_config": {
    "use_class_weights": false,
    "class_weight_method": "inv_sqrt",
    "class_weight_normalize": "sample_mean",
    "class_weight_beta": 0.9999,
    "class_weight_clip_min": 0.25,
    "class_weight_clip_max": 4.0,
    "class_weight_eps": 1e-12,
    "label_smoothing": 0.0,
    "logit_adjust_tau": 1.0,
    "logit_adjust_eps": 1e-12
  },
  "tail_definition": {
    "fraction": 0.2,
    "include_zero_count": true,
    "tail_k": 18,
    "tail_class_ids": [
      14,
      35,
      43,
      49,
      85,
      61,
      42,
      25,
      27,
      41,
      51,
      0,
      30,
      40,
      65,
      37,
      6,
      78
    ]
  },
  "uncalibrated": {
    "accuracy": 0.45596534978343617,
    "macro_f1": 0.2987268619683644,
    "micro_f1": 0.45596534978343617,
    "cohen_kappa": 0.33517820829421363,
    "brier_score": 0.799370288848877,
    "ece": 0.2856238685496477,
    "nll": 2.8138797283172607,
    "n_classes_total": 86.0,
    "n_classes_missing_pos": 21.0,
    "n_classes_missing_neg": 0.0,
    "macro_roc_auc_ovr": 0.8496716659962565,
    "macro_pr_auc_ovr": 0.3572047759443465,
    "n_classes_scored": 65.0,
    "tail_k": 18.0,
    "tail_definition": "bottom_20pct_train_support_including_zero",
    "tail_class_ids": [
      14,
      35,
      43,
      49,
      85,
      61,
      42,
      25,
      27,
      41,
      51,
      0,
      30,
      40,
      65,
      37,
      6,
      78
    ],
    "tail_macro_pr_auc_ovr": 0.0026217145173033887,
    "tail_n_classes_scored": 9.0,
    "macro_f1_present_only": 0.2987268619683644,
    "kappa": 0.33517820829421363,
    "objective_loss": 2.886339538005694,
    "nll_loss": 2.886339538005694,
    "loss": 2.886339538005694
  },
  "summary": {
    "objective_loss": 2.886339538005694,
    "nll_loss": 2.886339538005694,
    "macro_f1": 0.2987268619683644,
    "micro_f1": 0.45596534978343617,
    "accuracy": 0.45596534978343617,
    "kappa": 0.33517820829421363,
    "macro_pr_auc_ovr": 0.3572047759443465,
    "tail_macro_pr_auc_ovr": 0.0026217145173033887,
    "macro_roc_auc_ovr": 0.8496716659962565
  }
}