{
  "eps": 1e-12,
  "log_priors": [
    -9.527891878030042,
    -6.572981598996496,
    -6.309016053162034,
    -3.554082266160981,
    -6.031384316563757,
    -4.284030697278264,
    -8.739434517665881,
    -6.2028558573336445,
    -4.542916330714563,
    -5.197158537743909,
    -7.026455926291016,
    -6.806596450177999,
    -8.00183557453515,
    -6.594035008194329,
    -38.76835090639289,
    -3.611689815422807,
    -9.057888248784382,
    -8.429279589362066,
    -8.3647410682245,
    -3.4866852390274463,
    -6.239489990513424,
    -38.76835090639289,
    -8.429279589362066,
    -6.947675048437903,
    -5.481337979644487,
    -10.444182609903898,
    -5.173750446845895,
    -9.527891878030042,
    -7.245509492353696,
    -5.780743515792326,
    -8.940105213128012,
    -6.09390467354509,
    -5.766691762336675,
    -5.989835313650884,
    -7.399660172180951,
    -7.770033960477835,
    -4.196139735395968,
    -8.57238043300273,
    -6.793524368610647,
    -6.659992975986126,
    -8.940105213128012,
    -38.76835090639289,
    -11.137329790463344,
    -9.057888248784382,
    -8.246958032568124,
    -38.76835090639289,
    -1.6578787316218146,
    -8.141597516910302,
    -1.1060208664903308,
    -8.652423140676259,
    -8.092807352740872,
    -10.444182609903898,
    -6.349838047682289,
    -4.95938567641374,
    -7.448450336350382,
    -8.141597516910302,
    -6.309016053162034,
    -5.254007401976061,
    -8.00183557453515,
    -3.0847149716487765,
    -5.906221173609751,
    -9.751035429344203,
    -8.3647410682245,
    -5.52785799527938,
    -8.429279589362066,
    -8.19289081129785,
    -5.3879368045560865,
    -6.285299526544718,
    -6.767881937997309,
    -3.229310345831872,
    -5.8390124239163015,
    -4.7059987085308626,
    -2.1829144593267493,
    -6.1266944963680805,
    -3.109853259603861,
    -5.725683738609299,
    -6.049733455231953,
    -8.429279589362066,
    -8.092807352740872,
    -8.304116446408068,
    -7.3531401565460595,
    -6.706512991621017,
    -5.2024355948447525,
    -8.652423140676259,
    -6.055925425479874,
    -8.3647410682245
  ],
  "num_classes": 86,
  "priors": [
    7.279291870488286e-05,
    0.0013976240391334858,
    0.001819822967621722,
    0.028607617051013254,
    0.002402166317260668,
    0.01378697880270207,
    0.0001601444211507248,
    0.0020236431399953533,
    0.01064232471465176,
    0.005532261821570006,
    0.0008880736081994078,
    0.0011064523643140125,
    0.0003348474260424087,
    0.0013685068716515385,
    1.4558583740973658e-17,
    0.02700617283950615,
    0.00011646866992780383,
    0.00021837875611461946,
    0.00023293733985559309,
    0.030602143023526644,
    0.001950850221290485,
    1.4558583740973658e-17,
    0.00021837875611461946,
    0.0009608665269042761,
    0.004163754949918482,
    2.911716748196188e-05,
    0.0056632890752387685,
    7.279291870488286e-05,
    0.0007133706033077239,
    0.0030864197530864304,
    0.0001310272536687775,
    0.0022565804798509318,
    0.0031300955043093515,
    0.002504076403447484,
    0.0006114605171209082,
    0.0004221989284882507,
    0.015053575588166777,
    0.00018926158863267212,
    0.0011210109480549863,
    0.0012811553692056966,
    0.0001310272536687775,
    1.4558583740973658e-17,
    1.4558583740988219e-05,
    0.00011646866992780383,
    0.0002620545073375404,
    1.4558583740973658e-17,
    0.19054274400186327,
    0.00029117167481948773,
    0.33087293268110834,
    0.00017470300489169847,
    0.0003057302585604614,
    2.911716748196188e-05,
    0.0017470300489168535,
    0.007017237363149319,
    0.0005823433496389609,
    0.00029117167481948773,
    0.001819822967621722,
    0.005226531563009559,
    0.0003348474260424087,
    0.04574307011413925,
    0.0027224551595620887,
    5.8234334963909195e-05,
    0.00023293733985559309,
    0.003974493361285824,
    0.00021837875611461946,
    0.0002766130910785141,
    0.004571395294665744,
    0.001863498718844643,
    0.0011501281155369336,
    0.039584789191707395,
    0.0029117167481947466,
    0.009040880503144657,
    0.11271255532261809,
    0.0021837875611460636,
    0.04460750058234331,
    0.0032611227579781143,
    0.0023584905660377475,
    0.00021837875611461946,
    0.0003057302585604614,
    0.00024749592359656677,
    0.0006405776846028556,
    0.001222921034241802,
    0.005503144654088059,
    0.00017470300489169847,
    0.0023439319822967735,
    0.00023293733985559309
  ]
}