{
  "objective_config": {
    "use_class_weights": false,
    "class_weight_method": "inv_sqrt",
    "class_weight_normalize": "sample_mean",
    "class_weight_beta": 0.9999,
    "class_weight_clip_min": 0.25,
    "class_weight_clip_max": 4.0,
    "class_weight_eps": 1e-12,
    "label_smoothing": 0.0,
    "logit_adjust_tau": 0.0,
    "logit_adjust_eps": 1e-12
  },
  "tail_definition": {
    "fraction": 0.2,
    "include_zero_count": true,
    "tail_k": 18,
    "tail_class_ids": [
      0,
      12,
      27,
      30,
      44,
      58,
      78,
      85,
      25,
      64,
      34,
      51,
      41,
      37,
      40,
      42,
      43,
      61
    ]
  },
  "uncalibrated": {
    "accuracy": 0.5950409631223244,
    "macro_f1": 0.40271594814745304,
    "micro_f1": 0.5950409631223244,
    "cohen_kappa": 0.4994028658243138,
    "brier_score": 0.586810290813446,
    "ece": 0.14593824289032722,
    "nll": 1.8275039196014404,
    "n_classes_total": 86.0,
    "n_classes_missing_pos": 0.0,
    "n_classes_missing_neg": 0.0,
    "macro_roc_auc_ovr": 0.9224700173943454,
    "macro_pr_auc_ovr": 0.450297226300922,
    "n_classes_scored": 86.0,
    "tail_k": 18.0,
    "tail_definition": "bottom_20pct_train_support_including_zero",
    "tail_class_ids": [
      0,
      12,
      27,
      30,
      44,
      58,
      78,
      85,
      25,
      64,
      34,
      51,
      41,
      37,
      40,
      42,
      43,
      61
    ],
    "tail_macro_pr_auc_ovr": 0.11321012968237623,
    "tail_n_classes_scored": 18.0,
    "macro_f1_present_only": 0.40271594814745304,
    "kappa": 0.4994028658243138,
    "objective_loss": 1.8287213193180432,
    "nll_loss": 1.8287213193180432,
    "loss": 1.8287213193180432
  },
  "summary": {
    "objective_loss": 1.8287213193180432,
    "nll_loss": 1.8287213193180432,
    "macro_f1": 0.40271594814745304,
    "micro_f1": 0.5950409631223244,
    "accuracy": 0.5950409631223244,
    "kappa": 0.4994028658243138,
    "macro_pr_auc_ovr": 0.450297226300922,
    "tail_macro_pr_auc_ovr": 0.11321012968237623,
    "macro_roc_auc_ovr": 0.9224700173943454
  }
}