{
  "objective_config": {
    "use_class_weights": false,
    "class_weight_method": "inv_sqrt",
    "class_weight_normalize": "sample_mean",
    "class_weight_beta": 0.9999,
    "class_weight_clip_min": 0.25,
    "class_weight_clip_max": 4.0,
    "class_weight_eps": 1e-12,
    "label_smoothing": 0.0,
    "logit_adjust_tau": 0.5,
    "logit_adjust_eps": 1e-12
  },
  "tail_definition": {
    "fraction": 0.2,
    "include_zero_count": true,
    "tail_k": 18,
    "tail_class_ids": [
      14,
      21,
      41,
      45,
      42,
      25,
      51,
      61,
      0,
      27,
      16,
      43,
      30,
      40,
      6,
      49,
      83,
      37
    ]
  },
  "uncalibrated": {
    "accuracy": 0.6445990002173441,
    "macro_f1": 0.4955692940074497,
    "micro_f1": 0.6445990002173441,
    "cohen_kappa": 0.5737169395144652,
    "brier_score": 0.5509387850761414,
    "ece": 0.1944315366257509,
    "nll": 1.927047610282898,
    "n_classes_total": 86.0,
    "n_classes_missing_pos": 0.0,
    "n_classes_missing_neg": 0.0,
    "macro_roc_auc_ovr": 0.9495515438870743,
    "macro_pr_auc_ovr": 0.5278110876413885,
    "n_classes_scored": 86.0,
    "tail_k": 18.0,
    "tail_definition": "bottom_20pct_train_support_including_zero",
    "tail_class_ids": [
      14,
      21,
      41,
      45,
      42,
      25,
      51,
      61,
      0,
      27,
      16,
      43,
      30,
      40,
      6,
      49,
      83,
      37
    ],
    "tail_macro_pr_auc_ovr": 0.2805492553402697,
    "tail_n_classes_scored": 18.0,
    "macro_f1_present_only": 0.4955692940074497,
    "kappa": 0.5737169395144652,
    "objective_loss": 1.9307534345613104,
    "nll_loss": 1.9307534345613104,
    "loss": 1.9307534345613104
  },
  "summary": {
    "objective_loss": 1.9307534345613104,
    "nll_loss": 1.9307534345613104,
    "macro_f1": 0.4955692940074497,
    "micro_f1": 0.6445990002173441,
    "accuracy": 0.6445990002173441,
    "kappa": 0.5737169395144652,
    "macro_pr_auc_ovr": 0.5278110876413885,
    "tail_macro_pr_auc_ovr": 0.2805492553402697,
    "macro_roc_auc_ovr": 0.9495515438870743
  }
}