{
  "calibrated": {
    "accuracy": 0.205,
    "brier_score": 0.9415839314460754,
    "ece": 0.015288225114345546,
    "nll": 3.7723228931427
  },
  "temperature": 0.16334012150764465,
  "uncalibrated": {
    "accuracy": 0.205,
    "brier_score": 0.9833880662918091,
    "ece": 0.18533200204372405,
    "nll": 4.277461051940918
  }
}