{
  "batch_has_weight_diversity": true,
  "eval_nll_loss": 4.277461051940918,
  "eval_objective_loss": 4.399831523895264,
  "loss_config": {
    "class_counts": [
      1,
      1,
      1,
      5,
      2,
      1,
      1,
      1,
      4,
      1,
      2,
      1,
      1,
      1,
      0,
      3,
      1,
      1,
      1,
      4,
      1,
      1,
      2,
      1,
      1,
      1,
      1,
      1,
      1,
      1,
      1,
      2,
      1,
      1,
      1,
      0,
      3,
      1,
      1,
      1,
      1,
      1,
      1,
      0,
      1,
      1,
      20,
      1,
      47,
      0,
      1,
      1,
      1,
      2,
      1,
      1,
      1,
      1,
      1,
      7,
      1,
      1,
      1,
      1,
      1,
      1,
      2,
      1,
      1,
      6,
      1,
      2,
      14,
      1,
      9,
      1,
      1,
      1,
      1,
      1,
      1,
      1,
      2,
      1,
      1,
      0
    ],
    "class_weight_beta": 0.9999,
    "class_weight_clip_max": 4.0,
    "class_weight_clip_min": 0.25,
    "class_weight_eps": 1e-12,
    "class_weight_max": 1.8836193084716797,
    "class_weight_method": "inv_sqrt",
    "class_weight_min": 0.2747541069984436,
    "class_weight_normalize": "sample_mean",
    "label_smoothing": 0.0,
    "mean_after_clipping": 1.6354527278493773,
    "mean_after_normalization": 1.0,
    "use_class_weights": true
  },
  "manual_objective_loss_batch": 4.374118328094482,
  "nll_loss_batch": 4.244930267333984,
  "objective_abs_diff": 0.0,
  "objective_loss_batch": 4.374118328094482,
  "objective_minus_nll_batch": 0.12918806076049805
}