{
  "manual": {
    "accuracy_manual": 0.205,
    "kappa_manual_all_labels": 0.0,
    "macro_f1_manual_present_only": 0.005234599425470795,
    "micro_f1_manual_all_labels": 0.205
  },
  "probability_checks": {
    "row_sum_max_abs_err": 2.384185791015625e-07,
    "row_sum_mean": 1.0,
    "row_sum_std": 7.164964443973076e-08
  },
  "reported": {
    "accuracy": 0.205,
    "brier_score": 0.9833880662918091,
    "cohen_kappa": 0.0,
    "ece": 0.18533200204372405,
    "kappa": 0.0,
    "macro_f1": 0.005234599425470795,
    "macro_f1_present_only": 0.005234599425470795,
    "macro_pr_auc_ovr": 0.04222962030879404,
    "macro_pr_auc_ovr_excluded_classes": [
      0,
      2,
      6,
      12,
      21,
      25,
      27,
      30,
      34,
      40,
      41,
      44,
      45,
      55,
      58,
      61,
      62,
      64,
      77,
      78,
      80
    ],
    "macro_pr_auc_ovr_included_classes": [
      1,
      3,
      4,
      5,
      7,
      8,
      9,
      10,
      11,
      13,
      14,
      15,
      16,
      17,
      18,
      19,
      20,
      22,
      23,
      24,
      26,
      28,
      29,
      31,
      32,
      33,
      35,
      36,
      37,
      38,
      39,
      42,
      43,
      46,
      47,
      48,
      49,
      50,
      51,
      52,
      53,
      54,
      56,
      57,
      59,
      60,
      63,
      65,
      66,
      67,
      68,
      69,
      70,
      71,
      72,
      73,
      74,
      75,
      76,
      79,
      81,
      82,
      83,
      84,
      85
    ],
    "macro_roc_auc_ovr": 0.493476749705768,
    "macro_roc_auc_ovr_excluded_classes": [
      0,
      2,
      6,
      12,
      21,
      25,
      27,
      30,
      34,
      40,
      41,
      44,
      45,
      55,
      58,
      61,
      62,
      64,
      77,
      78,
      80
    ],
    "macro_roc_auc_ovr_included_classes": [
      1,
      3,
      4,
      5,
      7,
      8,
      9,
      10,
      11,
      13,
      14,
      15,
      16,
      17,
      18,
      19,
      20,
      22,
      23,
      24,
      26,
      28,
      29,
      31,
      32,
      33,
      35,
      36,
      37,
      38,
      39,
      42,
      43,
      46,
      47,
      48,
      49,
      50,
      51,
      52,
      53,
      54,
      56,
      57,
      59,
      60,
      63,
      65,
      66,
      67,
      68,
      69,
      70,
      71,
      72,
      73,
      74,
      75,
      76,
      79,
      81,
      82,
      83,
      84,
      85
    ],
    "micro_f1": 0.205,
    "nll": 4.277461051940918,
    "nll_loss": 4.277461051940918,
    "objective_loss": 4.399831523895264
  }
}