{
  "objective_config": {
    "use_class_weights": false,
    "class_weight_method": "inv_sqrt",
    "class_weight_normalize": "sample_mean",
    "class_weight_beta": 0.9999,
    "class_weight_clip_min": 0.25,
    "class_weight_clip_max": 4.0,
    "class_weight_eps": 1e-12,
    "label_smoothing": 0.0,
    "logit_adjust_tau": 0.0,
    "logit_adjust_eps": 1e-12
  },
  "tail_definition": {
    "fraction": 0.2,
    "include_zero_count": true,
    "tail_k": 18,
    "tail_class_ids": [
      14,
      21,
      41,
      45,
      42,
      25,
      51,
      61,
      0,
      27,
      16,
      43,
      30,
      40,
      6,
      49,
      83,
      37
    ]
  },
  "uncalibrated": {
    "accuracy": 0.5725929145837861,
    "macro_f1": 0.37857117369613424,
    "micro_f1": 0.5725929145837861,
    "cohen_kappa": 0.47840052641093667,
    "brier_score": 0.5994124412536621,
    "ece": 0.12093306670620814,
    "nll": 1.8357775211334229,
    "n_classes_total": 86.0,
    "n_classes_missing_pos": 0.0,
    "n_classes_missing_neg": 0.0,
    "macro_roc_auc_ovr": 0.9144641655799791,
    "macro_pr_auc_ovr": 0.41951409214625324,
    "n_classes_scored": 86.0,
    "tail_k": 18.0,
    "tail_definition": "bottom_20pct_train_support_including_zero",
    "tail_class_ids": [
      14,
      21,
      41,
      45,
      42,
      25,
      51,
      61,
      0,
      27,
      16,
      43,
      30,
      40,
      6,
      49,
      83,
      37
    ],
    "tail_macro_pr_auc_ovr": 0.18959561057743535,
    "tail_n_classes_scored": 18.0,
    "macro_f1_present_only": 0.37857117369613424,
    "kappa": 0.47840052641093667,
    "objective_loss": 1.858038767849044,
    "nll_loss": 1.858038767849044,
    "loss": 1.858038767849044
  },
  "summary": {
    "objective_loss": 1.858038767849044,
    "nll_loss": 1.858038767849044,
    "macro_f1": 0.37857117369613424,
    "micro_f1": 0.5725929145837861,
    "accuracy": 0.5725929145837861,
    "kappa": 0.47840052641093667,
    "macro_pr_auc_ovr": 0.41951409214625324,
    "tail_macro_pr_auc_ovr": 0.18959561057743535,
    "macro_roc_auc_ovr": 0.9144641655799791
  }
}