{
  "beta": 0.9999,
  "clip_max": 4.0,
  "clip_min": 0.25,
  "cv_seen": 0.3174351965650542,
  "enabled": true,
  "eps": 1e-12,
  "max_weight": 4.0,
  "mean_after_clipping": 3.1723931076905267,
  "mean_after_normalization": 1.0,
  "mean_seen_after_clipping": 3.3952026571972476,
  "method": "inv_sqrt",
  "min_weight": 0.3533790583657292,
  "n_seen": 78,
  "n_unseen": 8,
  "normalize": "sample_mean",
  "sat_max_seen": 0.6410256410256411,
  "sat_min_seen": 0.0,
  "unique_seen_weights": 27,
  "weights": [
    1.0,
    3.8408594131469727,
    3.7085514068603516,
    1.5107347965240479,
    4.0,
    1.3788080215454102,
    4.0,
    4.0,
    2.0280909538269043,
    4.0,
    4.0,
    4.0,
    1.0,
    4.0,
    4.0,
    1.1069583892822266,
    4.0,
    4.0,
    4.0,
    1.1041439771652222,
    3.988420009613037,
    4.0,
    4.0,
    4.0,
    3.3239614963531494,
    4.0,
    3.1100945472717285,
    1.0,
    4.0,
    3.7085514068603516,
    1.0,
    2.4359867572784424,
    3.7578039169311523,
    4.0,
    4.0,
    4.0,
    1.6290836334228516,
    4.0,
    4.0,
    4.0,
    4.0,
    4.0,
    4.0,
    4.0,
    1.0,
    4.0,
    0.4435868561267853,
    4.0,
    0.3533790707588196,
    4.0,
    4.0,
    4.0,
    4.0,
    2.8117823600769043,
    4.0,
    4.0,
    3.230685234069824,
    4.0,
    1.0,
    0.9459546804428101,
    4.0,
    4.0,
    4.0,
    3.0123708248138428,
    4.0,
    4.0,
    3.038588523864746,
    4.0,
    4.0,
    0.9818811416625977,
    3.168670177459717,
    2.2216622829437256,
    0.5327458381652832,
    4.0,
    0.8946718573570251,
    4.0,
    3.988420009613037,
    4.0,
    1.0,
    4.0,
    4.0,
    4.0,
    2.56935977935791,
    4.0,
    4.0,
    1.0
  ]
}