{
  "eps": 1e-12,
  "log_priors": [
    -38.766558595362504,
    -5.948151673593196,
    -5.878042107406169,
    -4.081951752240278,
    -6.5105646661496746,
    -3.8991981366796113,
    -8.737642206635494,
    -6.32335312406153,
    -4.670949175743993,
    -7.165245565881815,
    -6.901430974836682,
    -6.3819472883275825,
    -38.766558595362504,
    -6.18677758905578,
    -6.399339031039451,
    -3.459991476896107,
    -7.701550274948778,
    -8.139805205879915,
    -7.184293760852509,
    -3.4549000518730195,
    -6.023549691077407,
    -7.669801576634198,
    -8.650630829645872,
    -7.128204294201467,
    -5.65907392750244,
    -11.135537479432955,
    -5.526065684248993,
    -38.766558595362504,
    -6.29925557248247,
    -5.878042107406169,
    -38.766558595362504,
    -5.037463197267713,
    -5.904428862579364,
    -6.831472386229772,
    -10.44239029887351,
    -7.075094468887519,
    -4.232794742275362,
    -9.1896273303785,
    -6.635727809103679,
    -6.791732057580259,
    -9.1896273303785,
    -9.749243118313816,
    -9.1896273303785,
    -9.1896273303785,
    -38.766558595362504,
    -8.362948757194111,
    -1.6310360689082828,
    -8.302324135377681,
    -1.176331438141484,
    -8.362948757194111,
    -8.427487278331679,
    -10.036925190765512,
    -6.453406252309727,
    -5.324396486457252,
    -7.328874989663614,
    -8.139805205879915,
    -5.602147990706432,
    -6.283507215514331,
    -38.766558595362504,
    -3.145638104491016,
    -6.260340156232797,
    -9.056095937753994,
    -8.362948757194111,
    -5.4622142122624595,
    -11.135537479432955,
    -6.930844860042975,
    -5.479545668614099,
    -6.29925557248247,
    -6.916029774257835,
    -3.2201893101708774,
    -5.563383447256188,
    -4.853270732537947,
    -1.997337785235455,
    -6.066633277213718,
    -3.034162808205374,
    -6.060363664200123,
    -6.023549691077407,
    -8.362948757194111,
    -38.766558595362504,
    -7.5246195667897045,
    -7.609176954817765,
    -6.46270864497204,
    -5.1440729323259715,
    -8.83295238643981,
    -6.5105646661496746,
    -38.766558595362504
  ],
  "num_classes": 86,
  "priors": [
    1.458470064901916e-17,
    0.002610661416174444,
    0.0028002625246116935,
    0.01687449865091518,
    0.0014876394661999688,
    0.02025814920148763,
    0.00016043170713922535,
    0.0017939181798293713,
    0.009363377816670316,
    0.0007729891343980301,
    0.0010063443447823365,
    0.001691825275286237,
    1.458470064901916e-17,
    0.0020564427915117163,
    0.0016626558739881987,
    0.0314300298986363,
    0.00045212572011960853,
    0.0002916940129803978,
    0.000758404433749011,
    0.03159046160577551,
    0.002421060307737195,
    0.00046671042076862774,
    0.0001750164077882445,
    0.0008021585356960684,
    0.003485743455115594,
    1.4584700649033747e-05,
    0.003981623277182246,
    1.458470064901916e-17,
    0.0018376722817764286,
    0.0028002625246116935,
    1.458470064901916e-17,
    0.006490191788813542,
    0.0027273390213665974,
    0.0010792678480274324,
    2.9169401298052908e-05,
    0.0008459126376431259,
    0.014511777145774079,
    0.00010209290454314871,
    0.001312623058411739,
    0.0011230219499744898,
    0.00010209290454314871,
    5.833880259609123e-05,
    0.00010209290454314871,
    0.00010209290454314871,
    1.458470064901916e-17,
    0.00023335521038432113,
    0.19572668270983715,
    0.00024793991103334026,
    0.30840807992415914,
    0.00023335521038432113,
    0.000218770509735302,
    4.375410194707207e-05,
    0.0015751476700940838,
    0.0048712900167724145,
    0.0006563115292058768,
    0.0002916940129803978,
    0.003689929264201862,
    0.001866841683074467,
    1.458470064901916e-17,
    0.043039451615255554,
    0.0019105957850215245,
    0.00011667760519216787,
    0.00023335521038432113,
    0.004244147888864591,
    1.4584700649033747e-05,
    0.0009771749434842982,
    0.004171224385619495,
    0.0018376722817764286,
    0.0009917596441333175,
    0.03994749507766349,
    0.0038357762706920542,
    0.007802814847225266,
    0.1356960548384743,
    0.002318967403194061,
    0.04811492744111422,
    0.00233355210384308,
    0.002421060307737195,
    0.00023335521038432113,
    1.458470064901916e-17,
    0.0005396339240137236,
    0.0004958798220666661,
    0.0015605629694450647,
    0.005833880259607679,
    0.0001458470064902062,
    0.0014876394661999688,
    1.458470064901916e-17
  ]
}