{
  "objective_config": {
    "use_class_weights": false,
    "class_weight_method": "inv_sqrt",
    "class_weight_normalize": "sample_mean",
    "class_weight_beta": 0.9999,
    "class_weight_clip_min": 0.25,
    "class_weight_clip_max": 4.0,
    "class_weight_eps": 1e-12,
    "label_smoothing": 0.0,
    "logit_adjust_tau": 0.5,
    "logit_adjust_eps": 1e-12
  },
  "tail_definition": {
    "fraction": 0.2,
    "include_zero_count": true,
    "tail_k": 18,
    "tail_class_ids": [
      0,
      12,
      27,
      30,
      44,
      58,
      78,
      85,
      25,
      64,
      34,
      51,
      41,
      37,
      40,
      42,
      43,
      61
    ]
  },
  "uncalibrated": {
    "accuracy": 0.6102961948844992,
    "macro_f1": 0.46357096633821965,
    "micro_f1": 0.6102961948844992,
    "cohen_kappa": 0.5268538332696059,
    "brier_score": 0.5935584902763367,
    "ece": 0.20746722646282822,
    "nll": 1.874892234802246,
    "n_classes_total": 86.0,
    "n_classes_missing_pos": 0.0,
    "n_classes_missing_neg": 0.0,
    "macro_roc_auc_ovr": 0.915617855507645,
    "macro_pr_auc_ovr": 0.5120842559426436,
    "n_classes_scored": 86.0,
    "tail_k": 18.0,
    "tail_definition": "bottom_20pct_train_support_including_zero",
    "tail_class_ids": [
      0,
      12,
      27,
      30,
      44,
      58,
      78,
      85,
      25,
      64,
      34,
      51,
      41,
      37,
      40,
      42,
      43,
      61
    ],
    "tail_macro_pr_auc_ovr": 0.1287637528227055,
    "tail_n_classes_scored": 18.0,
    "macro_f1_present_only": 0.46357096633821965,
    "kappa": 0.5268538332696059,
    "objective_loss": 1.875174591098669,
    "nll_loss": 1.875174591098669,
    "loss": 1.875174591098669
  },
  "summary": {
    "objective_loss": 1.875174591098669,
    "nll_loss": 1.875174591098669,
    "macro_f1": 0.46357096633821965,
    "micro_f1": 0.6102961948844992,
    "accuracy": 0.6102961948844992,
    "kappa": 0.5268538332696059,
    "macro_pr_auc_ovr": 0.5120842559426436,
    "tail_macro_pr_auc_ovr": 0.1287637528227055,
    "macro_roc_auc_ovr": 0.915617855507645
  }
}