{
  "objective_config": {
    "use_class_weights": false,
    "class_weight_method": "inv_sqrt",
    "class_weight_normalize": "sample_mean",
    "class_weight_beta": 0.9999,
    "class_weight_clip_min": 0.25,
    "class_weight_clip_max": 4.0,
    "class_weight_eps": 1e-12,
    "label_smoothing": 0.0,
    "logit_adjust_tau": 0.5,
    "logit_adjust_eps": 1e-12
  },
  "tail_definition": {
    "fraction": 0.2,
    "include_zero_count": true,
    "tail_k": 18,
    "tail_class_ids": [
      14,
      35,
      42,
      49,
      55,
      77,
      41,
      25,
      62,
      51,
      61,
      0,
      79,
      27,
      43,
      30,
      40,
      6
    ]
  },
  "uncalibrated": {
    "accuracy": 0.6452711496746204,
    "macro_f1": 0.5273237198655899,
    "micro_f1": 0.6452711496746204,
    "cohen_kappa": 0.5693666058330376,
    "brier_score": 0.5457226037979126,
    "ece": 0.18253422556626825,
    "nll": 1.814232349395752,
    "n_classes_total": 86.0,
    "n_classes_missing_pos": 1.0,
    "n_classes_missing_neg": 0.0,
    "macro_roc_auc_ovr": 0.9349127141867893,
    "macro_pr_auc_ovr": 0.5825816861766365,
    "n_classes_scored": 85.0,
    "tail_k": 18.0,
    "tail_definition": "bottom_20pct_train_support_including_zero",
    "tail_class_ids": [
      14,
      35,
      42,
      49,
      55,
      77,
      41,
      25,
      62,
      51,
      61,
      0,
      79,
      27,
      43,
      30,
      40,
      6
    ],
    "tail_macro_pr_auc_ovr": 0.2846196763923691,
    "tail_n_classes_scored": 18.0,
    "macro_f1_present_only": 0.5273237198655899,
    "kappa": 0.5693666058330376,
    "objective_loss": 1.8157326992809644,
    "nll_loss": 1.8157326992809644,
    "loss": 1.8157326992809644
  },
  "summary": {
    "objective_loss": 1.8157326992809644,
    "nll_loss": 1.8157326992809644,
    "macro_f1": 0.5273237198655899,
    "micro_f1": 0.6452711496746204,
    "accuracy": 0.6452711496746204,
    "kappa": 0.5693666058330376,
    "macro_pr_auc_ovr": 0.5825816861766365,
    "tail_macro_pr_auc_ovr": 0.2846196763923691,
    "macro_roc_auc_ovr": 0.9349127141867893
  }
}