{
  "objective_config": {
    "use_class_weights": true,
    "class_weight_method": "inv_sqrt",
    "class_weight_beta": 0.9999,
    "class_weight_clip_min": 0.25,
    "class_weight_clip_max": 20.0,
    "class_weight_eps": 1e-12,
    "label_smoothing": 0.05
  },
  "uncalibrated": {
    "accuracy": 0.3846961543509647,
    "macro_f1": 0.14501324253547432,
    "micro_f1": 0.3846961543509647,
    "cohen_kappa": 0.22255117270842273,
    "brier_score": 0.7731548547744751,
    "ece": 0.04455518153986133,
    "nll": 2.342503070831299,
    "macro_roc_auc_ovr": 0.8090734475998025,
    "macro_pr_auc_ovr": 0.23984759513166198,
    "macro_f1_present_only": 0.14501324253547432,
    "kappa": 0.22255117270842273,
    "objective_loss": 3.1862354223176492,
    "nll_loss": 2.342503088167418,
    "loss": 3.1862354223176492
  },
  "summary": {
    "objective_loss": 3.1862354223176492,
    "nll_loss": 2.342503088167418,
    "macro_f1": 0.14501324253547432,
    "micro_f1": 0.3846961543509647,
    "accuracy": 0.3846961543509647,
    "kappa": 0.22255117270842273,
    "macro_pr_auc_ovr": 0.23984759513166198,
    "macro_roc_auc_ovr": 0.8090734475998025
  }
}