{
  "objective_config": {
    "use_class_weights": false,
    "class_weight_method": "inv_sqrt",
    "class_weight_normalize": "sample_mean",
    "class_weight_beta": 0.9999,
    "class_weight_clip_min": 0.25,
    "class_weight_clip_max": 4.0,
    "class_weight_eps": 0.001,
    "label_smoothing": 0.0,
    "logit_adjust_tau": 0.5,
    "logit_adjust_eps": 1e-12
  },
  "tail_definition": {
    "fraction": 0.2,
    "include_zero_count": true,
    "tail_k": 18,
    "tail_class_ids": [
      12,
      25,
      27,
      30,
      44,
      45,
      64,
      85,
      34,
      41,
      78,
      51,
      43,
      40,
      83,
      42,
      61,
      0
    ]
  },
  "uncalibrated": {
    "accuracy": 0.6424060933532973,
    "macro_f1": 0.5109318000802193,
    "micro_f1": 0.6424060933532973,
    "cohen_kappa": 0.5626794605237364,
    "brier_score": 0.559752881526947,
    "ece": 0.20314015540669908,
    "nll": 1.9496434926986694,
    "n_classes_total": 86.0,
    "n_classes_missing_pos": 1.0,
    "n_classes_missing_neg": 0.0,
    "macro_roc_auc_ovr": 0.9446865029319734,
    "macro_pr_auc_ovr": 0.5461445241290803,
    "n_classes_scored": 85.0,
    "tail_k": 18.0,
    "tail_definition": "bottom_20pct_train_support_including_zero",
    "tail_class_ids": [
      12,
      25,
      27,
      30,
      44,
      45,
      64,
      85,
      34,
      41,
      78,
      51,
      43,
      40,
      83,
      42,
      61,
      0
    ],
    "tail_macro_pr_auc_ovr": 0.2399667224840279,
    "tail_n_classes_scored": 17.0,
    "macro_f1_present_only": 0.5109318000802193,
    "kappa": 0.5626794605237364,
    "objective_loss": 1.9555673563926348,
    "nll_loss": 1.9555673563926348,
    "loss": 1.9555673563926348
  },
  "summary": {
    "objective_loss": 1.9555673563926348,
    "nll_loss": 1.9555673563926348,
    "macro_f1": 0.5109318000802193,
    "micro_f1": 0.6424060933532973,
    "accuracy": 0.6424060933532973,
    "kappa": 0.5626794605237364,
    "macro_pr_auc_ovr": 0.5461445241290803,
    "tail_macro_pr_auc_ovr": 0.2399667224840279,
    "macro_roc_auc_ovr": 0.9446865029319734
  }
}