{
  "objective_config": {
    "colsample_bytree": 0.8,
    "early_stopping_rounds": 30,
    "ecfp_bits": 2048,
    "ecfp_radius": 2,
    "learning_rate": 0.05,
    "max_depth": 8,
    "min_child_weight": 1.0,
    "model_family": "xgboost",
    "n_estimators": 600,
    "num_classes_total": 86,
    "num_classes_trained": 86,
    "pair_representation": "sorted_concat_ecfp4",
    "reg_lambda": 1.0,
    "run_seed": 43,
    "subsample": 0.8,
    "tree_method": "hist",
    "use_class_weights": false
  },
  "summary": {
    "accuracy": 0.8523684141922365,
    "kappa": 0.8230413787635964,
    "macro_f1": 0.7714111891788356,
    "macro_pr_auc_ovr": 0.8478379081890316,
    "macro_roc_auc_ovr": 0.9937714438855129,
    "micro_f1": 0.8523684141922365,
    "nll_loss": 0.47978298483972553,
    "objective_loss": 0.47978298483972553,
    "tail_macro_pr_auc_ovr": 0.6601567567903522
  },
  "tail_definition": {
    "fraction": 0.2,
    "include_zero_count": true,
    "tail_class_ids": [
      41,
      25,
      0,
      27,
      51,
      42,
      61,
      43,
      30,
      40,
      6,
      45,
      49,
      85,
      78,
      77,
      37,
      55
    ],
    "tail_k": 18
  },
  "uncalibrated": {
    "accuracy": 0.8523684141922365,
    "brier_score": 0.22637801816374598,
    "cohen_kappa": 0.8230413787635964,
    "ece": 0.08536840036401488,
    "kappa": 0.8230413787635964,
    "loss": 0.47978298483972553,
    "macro_f1": 0.7714111891788356,
    "macro_f1_present_only": 0.7714111891788356,
    "macro_pr_auc_ovr": 0.8478379081890316,
    "macro_roc_auc_ovr": 0.9937714438855129,
    "micro_f1": 0.8523684141922365,
    "n_classes_missing_neg": 0,
    "n_classes_missing_pos": 0,
    "n_classes_scored": 86,
    "n_classes_total": 86,
    "nll": 0.47978298483972553,
    "nll_loss": 0.47978298483972553,
    "objective_loss": 0.47978298483972553,
    "tail_class_ids": [
      41,
      25,
      0,
      27,
      51,
      42,
      61,
      43,
      30,
      40,
      6,
      45,
      49,
      85,
      78,
      77,
      37,
      55
    ],
    "tail_definition": "bottom_20pct_train_support_including_zero",
    "tail_k": 18,
    "tail_macro_pr_auc_ovr": 0.6601567567903522,
    "tail_n_classes_scored": 18
  }
}