{
  "objective_config": {
    "colsample_bytree": 0.8,
    "early_stopping_rounds": 30,
    "ecfp_bits": 2048,
    "ecfp_radius": 2,
    "learning_rate": 0.05,
    "max_depth": 8,
    "min_child_weight": 1.0,
    "model_family": "xgboost",
    "n_estimators": 600,
    "num_classes_total": 86,
    "num_classes_trained": 78,
    "pair_representation": "sorted_concat_ecfp4",
    "reg_lambda": 1.0,
    "run_seed": 42,
    "subsample": 0.8,
    "tree_method": "hist",
    "use_class_weights": false
  },
  "summary": {
    "accuracy": 0.6253341156529109,
    "kappa": 0.5287200145711207,
    "macro_f1": 0.4597291962529718,
    "macro_pr_auc_ovr": 0.51992890632255,
    "macro_roc_auc_ovr": 0.9060352835353289,
    "micro_f1": 0.6253341156529109,
    "nll_loss": 1.4599235684618999,
    "objective_loss": 1.4599235684618999,
    "tail_macro_pr_auc_ovr": 0.12882192013976196
  },
  "tail_definition": {
    "fraction": 0.2,
    "include_zero_count": true,
    "tail_class_ids": [
      0,
      12,
      27,
      30,
      44,
      58,
      78,
      85,
      25,
      64,
      34,
      51,
      41,
      37,
      40,
      42,
      43,
      61
    ],
    "tail_k": 18
  },
  "uncalibrated": {
    "accuracy": 0.6253341156529109,
    "brier_score": 0.5304518787855913,
    "cohen_kappa": 0.5287200145711207,
    "ece": 0.05515858610236645,
    "kappa": 0.5287200145711207,
    "loss": 1.4599235684618999,
    "macro_f1": 0.4597291962529718,
    "macro_f1_present_only": 0.4597291962529718,
    "macro_pr_auc_ovr": 0.51992890632255,
    "macro_roc_auc_ovr": 0.9060352835353289,
    "micro_f1": 0.6253341156529109,
    "n_classes_missing_neg": 0,
    "n_classes_missing_pos": 0,
    "n_classes_scored": 86,
    "n_classes_total": 86,
    "nll": 1.4599235684618999,
    "nll_loss": 1.4599235684618999,
    "objective_loss": 1.4599235684618999,
    "tail_class_ids": [
      0,
      12,
      27,
      30,
      44,
      58,
      78,
      85,
      25,
      64,
      34,
      51,
      41,
      37,
      40,
      42,
      43,
      61
    ],
    "tail_definition": "bottom_20pct_train_support_including_zero",
    "tail_k": 18,
    "tail_macro_pr_auc_ovr": 0.12882192013976196,
    "tail_n_classes_scored": 18
  }
}