{
  "beta": 0.9999,
  "clip_max": 4.0,
  "clip_min": 0.25,
  "cv_seen": 0.3158408473032895,
  "enabled": true,
  "eps": 0.001,
  "max_weight": 4.0,
  "mean_after_clipping": 3.2810166255118407,
  "mean_after_normalization": 1.0,
  "mean_seen_after_clipping": 3.392285729195345,
  "method": "inv_sqrt",
  "min_weight": 0.3381222239412578,
  "n_seen": 82,
  "n_unseen": 4,
  "normalize": "sample_mean",
  "sat_max_seen": 0.6585365853658537,
  "sat_min_seen": 0.0,
  "unique_seen_weights": 29,
  "weights": [
    4.0,
    4.0,
    4.0,
    1.1499090194702148,
    3.9682846069335938,
    1.6564173698425293,
    4.0,
    4.0,
    1.8853243589401245,
    2.614887237548828,
    4.0,
    4.0,
    4.0,
    4.0,
    1.0,
    1.1835124492645264,
    4.0,
    4.0,
    4.0,
    1.111804485321045,
    4.0,
    1.0,
    4.0,
    4.0,
    3.0141284465789795,
    4.0,
    2.584460973739624,
    4.0,
    4.0,
    3.5008769035339355,
    4.0,
    4.0,
    3.4763662815093994,
    3.8866958618164062,
    4.0,
    4.0,
    1.585201621055603,
    4.0,
    4.0,
    4.0,
    4.0,
    1.0,
    4.0,
    4.0,
    4.0,
    1.0,
    0.4455619752407074,
    4.0,
    0.3381222188472748,
    4.0,
    4.0,
    4.0,
    4.0,
    2.3217809200286865,
    4.0,
    4.0,
    4.0,
    2.6902804374694824,
    4.0,
    0.9093722105026245,
    3.7275543212890625,
    4.0,
    4.0,
    3.0850589275360107,
    4.0,
    4.0,
    2.876603126525879,
    4.0,
    4.0,
    0.9775526523590088,
    3.6043734550476074,
    2.0454976558685303,
    0.5793195366859436,
    4.0,
    0.9208743572235107,
    3.4058127403259277,
    4.0,
    4.0,
    4.0,
    4.0,
    4.0,
    4.0,
    2.621795892715454,
    4.0,
    4.0,
    4.0
  ]
}