{
  "objective_config": {
    "use_class_weights": false,
    "class_weight_method": "inv_sqrt",
    "class_weight_normalize": "sample_mean",
    "class_weight_beta": 0.9999,
    "class_weight_clip_min": 0.25,
    "class_weight_clip_max": 4.0,
    "class_weight_eps": 1e-12,
    "label_smoothing": 0.0,
    "logit_adjust_tau": 0.5,
    "logit_adjust_eps": 1e-12
  },
  "tail_definition": {
    "fraction": 0.2,
    "include_zero_count": true,
    "tail_k": 18,
    "tail_class_ids": [
      14,
      35,
      42,
      49,
      55,
      77,
      41,
      25,
      62,
      51,
      61,
      0,
      79,
      27,
      43,
      30,
      40,
      6
    ]
  },
  "uncalibrated": {
    "accuracy": 0.6465726681127982,
    "macro_f1": 0.5259623339043324,
    "micro_f1": 0.6465726681127982,
    "cohen_kappa": 0.5736848172329228,
    "brier_score": 0.5404717922210693,
    "ece": 0.18427531127492675,
    "nll": 1.8042763471603394,
    "n_classes_total": 86.0,
    "n_classes_missing_pos": 1.0,
    "n_classes_missing_neg": 0.0,
    "macro_roc_auc_ovr": 0.940167112101994,
    "macro_pr_auc_ovr": 0.5941725161990302,
    "n_classes_scored": 85.0,
    "tail_k": 18.0,
    "tail_definition": "bottom_20pct_train_support_including_zero",
    "tail_class_ids": [
      14,
      35,
      42,
      49,
      55,
      77,
      41,
      25,
      62,
      51,
      61,
      0,
      79,
      27,
      43,
      30,
      40,
      6
    ],
    "tail_macro_pr_auc_ovr": 0.28371211147677067,
    "tail_n_classes_scored": 18.0,
    "macro_f1_present_only": 0.5259623339043324,
    "kappa": 0.5736848172329228,
    "objective_loss": 1.8089705768531419,
    "nll_loss": 1.8089705768531419,
    "loss": 1.8089705768531419
  },
  "summary": {
    "objective_loss": 1.8089705768531419,
    "nll_loss": 1.8089705768531419,
    "macro_f1": 0.5259623339043324,
    "micro_f1": 0.6465726681127982,
    "accuracy": 0.6465726681127982,
    "kappa": 0.5736848172329228,
    "macro_pr_auc_ovr": 0.5941725161990302,
    "tail_macro_pr_auc_ovr": 0.28371211147677067,
    "macro_roc_auc_ovr": 0.940167112101994
  }
}