{
  "beta": 0.9999,
  "clip_max": 4.0,
  "clip_min": 0.25,
  "cv_seen": 0.32268366924587405,
  "enabled": false,
  "eps": 1e-12,
  "max_weight": 4.0,
  "mean_after_clipping": 3.2320284241916264,
  "mean_after_normalization": 1.0,
  "mean_seen_after_clipping": 3.369807956549133,
  "method": "inv_sqrt",
  "min_weight": 0.33956267235847065,
  "n_seen": 81,
  "n_unseen": 5,
  "normalize": "sample_mean",
  "sat_max_seen": 0.654320987654321,
  "sat_min_seen": 0.0,
  "unique_seen_weights": 29,
  "weights": [
    4.0,
    4.0,
    3.138117551803589,
    1.087249755859375,
    4.0,
    1.536620020866394,
    4.0,
    4.0,
    1.9789235591888428,
    4.0,
    4.0,
    4.0,
    4.0,
    4.0,
    1.0,
    1.123050570487976,
    4.0,
    4.0,
    4.0,
    1.1776039600372314,
    3.49111008644104,
    4.0,
    4.0,
    4.0,
    3.33014178276062,
    4.0,
    2.824193000793457,
    4.0,
    4.0,
    3.053776502609253,
    4.0,
    2.565685510635376,
    3.930844783782959,
    4.0,
    4.0,
    1.0,
    1.4347413778305054,
    4.0,
    4.0,
    4.0,
    4.0,
    4.0,
    4.0,
    1.0,
    4.0,
    4.0,
    0.46657419204711914,
    4.0,
    0.33956268429756165,
    1.0,
    4.0,
    4.0,
    4.0,
    2.275831460952759,
    4.0,
    4.0,
    3.0159339904785156,
    3.5685012340545654,
    4.0,
    0.9541922211647034,
    4.0,
    4.0,
    4.0,
    2.8364720344543457,
    4.0,
    4.0,
    2.525489568710327,
    4.0,
    4.0,
    0.9843859076499939,
    3.59966778755188,
    1.9736979007720947,
    0.5545381307601929,
    3.939094305038452,
    0.8019610047340393,
    4.0,
    4.0,
    4.0,
    4.0,
    4.0,
    4.0,
    4.0,
    2.4464833736419678,
    4.0,
    4.0,
    1.0
  ]
}