{
  "objective_config": {
    "use_class_weights": false,
    "class_weight_method": "inv_sqrt",
    "class_weight_normalize": "sample_mean",
    "class_weight_beta": 0.9999,
    "class_weight_clip_min": 0.25,
    "class_weight_clip_max": 4.0,
    "class_weight_eps": 0.001,
    "label_smoothing": 0.0,
    "logit_adjust_tau": 0.5,
    "logit_adjust_eps": 1e-12
  },
  "tail_definition": {
    "fraction": 0.2,
    "include_zero_count": true,
    "tail_k": 18,
    "tail_class_ids": [
      0,
      12,
      27,
      30,
      44,
      58,
      78,
      85,
      25,
      64,
      34,
      51,
      41,
      37,
      40,
      42,
      43,
      61
    ]
  },
  "uncalibrated": {
    "accuracy": 0.6155768520329443,
    "macro_f1": 0.4754312162171358,
    "micro_f1": 0.6155768520329443,
    "cohen_kappa": 0.5363795019535238,
    "brier_score": 0.5934808850288391,
    "ece": 0.21229051138979751,
    "nll": 1.9821784496307373,
    "n_classes_total": 86.0,
    "n_classes_missing_pos": 0.0,
    "n_classes_missing_neg": 0.0,
    "macro_roc_auc_ovr": 0.9194966705743719,
    "macro_pr_auc_ovr": 0.5321741739970541,
    "n_classes_scored": 86.0,
    "tail_k": 18.0,
    "tail_definition": "bottom_20pct_train_support_including_zero",
    "tail_class_ids": [
      0,
      12,
      27,
      30,
      44,
      58,
      78,
      85,
      25,
      64,
      34,
      51,
      41,
      37,
      40,
      42,
      43,
      61
    ],
    "tail_macro_pr_auc_ovr": 0.1429127133034181,
    "tail_n_classes_scored": 18.0,
    "macro_f1_present_only": 0.4754312162171358,
    "kappa": 0.5363795019535238,
    "objective_loss": 1.9823783306083114,
    "nll_loss": 1.9823783306083114,
    "loss": 1.9823783306083114
  },
  "summary": {
    "objective_loss": 1.9823783306083114,
    "nll_loss": 1.9823783306083114,
    "macro_f1": 0.4754312162171358,
    "micro_f1": 0.6155768520329443,
    "accuracy": 0.6155768520329443,
    "kappa": 0.5363795019535238,
    "macro_pr_auc_ovr": 0.5321741739970541,
    "tail_macro_pr_auc_ovr": 0.1429127133034181,
    "macro_roc_auc_ovr": 0.9194966705743719
  }
}