{
  "objective_config": {
    "use_class_weights": false,
    "class_weight_method": "inv_sqrt",
    "class_weight_normalize": "sample_mean",
    "class_weight_beta": 0.9999,
    "class_weight_clip_min": 0.25,
    "class_weight_clip_max": 4.0,
    "class_weight_eps": 1e-12,
    "label_smoothing": 0.0,
    "logit_adjust_tau": 0.0,
    "logit_adjust_eps": 1e-12
  },
  "tail_definition": {
    "fraction": 0.2,
    "include_zero_count": true,
    "tail_k": 18,
    "tail_class_ids": [
      14,
      35,
      42,
      49,
      55,
      77,
      41,
      25,
      62,
      51,
      61,
      0,
      79,
      27,
      43,
      30,
      40,
      6
    ]
  },
  "uncalibrated": {
    "accuracy": 0.5904772234273319,
    "macro_f1": 0.4340785979852504,
    "micro_f1": 0.5904772234273319,
    "cohen_kappa": 0.5031784175832614,
    "brier_score": 0.5800104141235352,
    "ece": 0.12833337563738517,
    "nll": 1.764638066291809,
    "n_classes_total": 86.0,
    "n_classes_missing_pos": 1.0,
    "n_classes_missing_neg": 0.0,
    "macro_roc_auc_ovr": 0.9145274829671071,
    "macro_pr_auc_ovr": 0.4711135059131148,
    "n_classes_scored": 85.0,
    "tail_k": 18.0,
    "tail_definition": "bottom_20pct_train_support_including_zero",
    "tail_class_ids": [
      14,
      35,
      42,
      49,
      55,
      77,
      41,
      25,
      62,
      51,
      61,
      0,
      79,
      27,
      43,
      30,
      40,
      6
    ],
    "tail_macro_pr_auc_ovr": 0.1576705818089002,
    "tail_n_classes_scored": 18.0,
    "macro_f1_present_only": 0.4340785979852504,
    "kappa": 0.5031784175832614,
    "objective_loss": 1.776493053449855,
    "nll_loss": 1.776493053449855,
    "loss": 1.776493053449855
  },
  "summary": {
    "objective_loss": 1.776493053449855,
    "nll_loss": 1.776493053449855,
    "macro_f1": 0.4340785979852504,
    "micro_f1": 0.5904772234273319,
    "accuracy": 0.5904772234273319,
    "kappa": 0.5031784175832614,
    "macro_pr_auc_ovr": 0.4711135059131148,
    "tail_macro_pr_auc_ovr": 0.1576705818089002,
    "macro_roc_auc_ovr": 0.9145274829671071
  }
}