{
  "objective_config": {
    "use_class_weights": false,
    "class_weight_method": "inv_sqrt",
    "class_weight_normalize": "sample_mean",
    "class_weight_beta": 0.9999,
    "class_weight_clip_min": 0.25,
    "class_weight_clip_max": 4.0,
    "class_weight_eps": 1e-12,
    "label_smoothing": 0.0,
    "logit_adjust_tau": 0.0,
    "logit_adjust_eps": 1e-12
  },
  "tail_definition": {
    "fraction": 0.2,
    "include_zero_count": true,
    "tail_k": 18,
    "tail_class_ids": [
      0,
      12,
      27,
      30,
      44,
      58,
      78,
      85,
      25,
      64,
      34,
      51,
      41,
      37,
      40,
      42,
      43,
      61
    ]
  },
  "uncalibrated": {
    "accuracy": 0.6150335745485365,
    "macro_f1": 0.45890512901079633,
    "micro_f1": 0.6150335745485365,
    "cohen_kappa": 0.5363429440314291,
    "brier_score": 0.5742422342300415,
    "ece": 0.18679377532229133,
    "nll": 1.7000958919525146,
    "n_classes_total": 86.0,
    "n_classes_missing_pos": 0.0,
    "n_classes_missing_neg": 0.0,
    "macro_roc_auc_ovr": 0.9204249602747564,
    "macro_pr_auc_ovr": 0.5068192733450547,
    "n_classes_scored": 86.0,
    "tail_k": 18.0,
    "tail_definition": "bottom_20pct_train_support_including_zero",
    "tail_class_ids": [
      0,
      12,
      27,
      30,
      44,
      58,
      78,
      85,
      25,
      64,
      34,
      51,
      41,
      37,
      40,
      42,
      43,
      61
    ],
    "tail_macro_pr_auc_ovr": 0.1468238447493601,
    "tail_n_classes_scored": 18.0,
    "macro_f1_present_only": 0.45890512901079633,
    "kappa": 0.5363429440314291,
    "objective_loss": 1.700591672484136,
    "nll_loss": 1.700591672484136,
    "loss": 1.700591672484136
  },
  "summary": {
    "objective_loss": 1.700591672484136,
    "nll_loss": 1.700591672484136,
    "macro_f1": 0.45890512901079633,
    "micro_f1": 0.6150335745485365,
    "accuracy": 0.6150335745485365,
    "kappa": 0.5363429440314291,
    "macro_pr_auc_ovr": 0.5068192733450547,
    "tail_macro_pr_auc_ovr": 0.1468238447493601,
    "macro_roc_auc_ovr": 0.9204249602747564
  }
}