{
  "objective_config": {
    "use_class_weights": false,
    "class_weight_method": "inv_sqrt",
    "class_weight_normalize": "sample_mean",
    "class_weight_beta": 0.9999,
    "class_weight_clip_min": 0.25,
    "class_weight_clip_max": 4.0,
    "class_weight_eps": 1e-12,
    "label_smoothing": 0.0,
    "logit_adjust_tau": 1.5,
    "logit_adjust_eps": 1e-12
  },
  "tail_definition": {
    "fraction": 0.2,
    "include_zero_count": true,
    "tail_k": 18,
    "tail_class_ids": [
      14,
      35,
      43,
      49,
      85,
      61,
      42,
      25,
      27,
      41,
      51,
      0,
      30,
      40,
      65,
      37,
      6,
      78
    ]
  },
  "uncalibrated": {
    "accuracy": 0.4539965874786717,
    "macro_f1": 0.3081085423620248,
    "micro_f1": 0.4539965874786717,
    "cohen_kappa": 0.3292274074520698,
    "brier_score": 0.8132488131523132,
    "ece": 0.29423110854173523,
    "nll": 2.815487861633301,
    "n_classes_total": 86.0,
    "n_classes_missing_pos": 21.0,
    "n_classes_missing_neg": 0.0,
    "macro_roc_auc_ovr": 0.8527131901135862,
    "macro_pr_auc_ovr": 0.3613652119062786,
    "n_classes_scored": 65.0,
    "tail_k": 18.0,
    "tail_definition": "bottom_20pct_train_support_including_zero",
    "tail_class_ids": [
      14,
      35,
      43,
      49,
      85,
      61,
      42,
      25,
      27,
      41,
      51,
      0,
      30,
      40,
      65,
      37,
      6,
      78
    ],
    "tail_macro_pr_auc_ovr": 0.019279572447353142,
    "tail_n_classes_scored": 9.0,
    "macro_f1_present_only": 0.3081085423620248,
    "kappa": 0.3292274074520698,
    "objective_loss": 3.014620640691238,
    "nll_loss": 3.014620640691238,
    "loss": 3.014620640691238
  },
  "summary": {
    "objective_loss": 3.014620640691238,
    "nll_loss": 3.014620640691238,
    "macro_f1": 0.3081085423620248,
    "micro_f1": 0.4539965874786717,
    "accuracy": 0.4539965874786717,
    "kappa": 0.3292274074520698,
    "macro_pr_auc_ovr": 0.3613652119062786,
    "tail_macro_pr_auc_ovr": 0.019279572447353142,
    "macro_roc_auc_ovr": 0.8527131901135862
  }
}