{
  "objective_config": {
    "use_class_weights": false,
    "class_weight_method": "inv_sqrt",
    "class_weight_normalize": "sample_mean",
    "class_weight_beta": 0.9999,
    "class_weight_clip_min": 0.25,
    "class_weight_clip_max": 4.0,
    "class_weight_eps": 0.001,
    "label_smoothing": 0.0,
    "logit_adjust_tau": 0.5,
    "logit_adjust_eps": 1e-12
  },
  "tail_definition": {
    "fraction": 0.2,
    "include_zero_count": true,
    "tail_k": 18,
    "tail_class_ids": [
      14,
      21,
      41,
      45,
      42,
      25,
      51,
      61,
      0,
      27,
      16,
      43,
      30,
      40,
      6,
      49,
      83,
      37
    ]
  },
  "uncalibrated": {
    "accuracy": 0.639165398826342,
    "macro_f1": 0.4894373238407554,
    "micro_f1": 0.639165398826342,
    "cohen_kappa": 0.5655296963156187,
    "brier_score": 0.5557209253311157,
    "ece": 0.19617322527683448,
    "nll": 1.9536876678466797,
    "n_classes_total": 86.0,
    "n_classes_missing_pos": 0.0,
    "n_classes_missing_neg": 0.0,
    "macro_roc_auc_ovr": 0.9467095297357797,
    "macro_pr_auc_ovr": 0.5263523971793472,
    "n_classes_scored": 86.0,
    "tail_k": 18.0,
    "tail_definition": "bottom_20pct_train_support_including_zero",
    "tail_class_ids": [
      14,
      21,
      41,
      45,
      42,
      25,
      51,
      61,
      0,
      27,
      16,
      43,
      30,
      40,
      6,
      49,
      83,
      37
    ],
    "tail_macro_pr_auc_ovr": 0.27940049133489375,
    "tail_n_classes_scored": 18.0,
    "macro_f1_present_only": 0.4894373238407554,
    "kappa": 0.5655296963156187,
    "objective_loss": 1.9564523444335906,
    "nll_loss": 1.9564523444335906,
    "loss": 1.9564523444335906
  },
  "summary": {
    "objective_loss": 1.9564523444335906,
    "nll_loss": 1.9564523444335906,
    "macro_f1": 0.4894373238407554,
    "micro_f1": 0.639165398826342,
    "accuracy": 0.639165398826342,
    "kappa": 0.5655296963156187,
    "macro_pr_auc_ovr": 0.5263523971793472,
    "tail_macro_pr_auc_ovr": 0.27940049133489375,
    "macro_roc_auc_ovr": 0.9467095297357797
  }
}