{
  "beta": 0.9999,
  "clip_max": 4.0,
  "clip_min": 0.25,
  "cv_seen": 0.33521817951022165,
  "enabled": true,
  "eps": 1e-12,
  "max_weight": 4.0,
  "mean_after_clipping": 3.096645352562591,
  "mean_after_normalization": 1.0000000000000002,
  "mean_seen_after_clipping": 3.282424054688391,
  "method": "inv_sqrt",
  "min_weight": 0.33108106365757484,
  "n_seen": 79,
  "n_unseen": 7,
  "normalize": "sample_mean",
  "sat_max_seen": 0.5949367088607594,
  "sat_min_seen": 0.0,
  "unique_seen_weights": 30,
  "weights": [
    1.0,
    4.0,
    3.4727184772491455,
    1.3333698511123657,
    4.0,
    1.2354222536087036,
    4.0,
    4.0,
    1.866121530532837,
    3.0167648792266846,
    4.0,
    4.0,
    1.0,
    3.750964641571045,
    4.0,
    1.173415184020996,
    4.0,
    4.0,
    4.0,
    1.0546481609344482,
    4.0,
    1.0,
    4.0,
    4.0,
    2.8056752681732178,
    4.0,
    2.679417610168457,
    4.0,
    4.0,
    3.4062488079071045,
    1.0,
    2.019956350326538,
    3.6377406120300293,
    4.0,
    4.0,
    4.0,
    1.4641464948654175,
    4.0,
    4.0,
    4.0,
    4.0,
    4.0,
    4.0,
    4.0,
    4.0,
    4.0,
    0.44817885756492615,
    4.0,
    0.3310810625553131,
    4.0,
    4.0,
    4.0,
    4.0,
    2.299466609954834,
    4.0,
    4.0,
    3.2484307289123535,
    2.3272786140441895,
    1.0,
    0.9385843873023987,
    3.4062488079071045,
    4.0,
    4.0,
    2.861422538757324,
    1.0,
    4.0,
    2.6150264739990234,
    4.0,
    4.0,
    0.9677536487579346,
    2.920630693435669,
    2.035278558731079,
    0.5583057999610901,
    4.0,
    0.8905314803123474,
    3.104564905166626,
    3.7085795402526855,
    4.0,
    4.0,
    4.0,
    4.0,
    4.0,
    2.3272786140441895,
    4.0,
    3.4062488079071045,
    1.0
  ]
}