{
  "beta": 0.9999,
  "clip_max": 4.0,
  "clip_min": 0.25,
  "cv_seen": 0.32927400827601067,
  "enabled": false,
  "eps": 1e-12,
  "max_weight": 4.0,
  "mean_after_clipping": 3.148329287419847,
  "mean_after_normalization": 1.0,
  "mean_seen_after_clipping": 3.3094539839763355,
  "method": "inv_sqrt",
  "min_weight": 0.3376878713263272,
  "n_seen": 80,
  "n_unseen": 6,
  "normalize": "sample_mean",
  "sat_max_seen": 0.6,
  "sat_min_seen": 0.0,
  "unique_seen_weights": 33,
  "weights": [
    4.0,
    3.9158122539520264,
    3.634147882461548,
    1.3034310340881348,
    4.0,
    1.2670708894729614,
    4.0,
    4.0,
    2.0706498622894287,
    3.384031057357788,
    3.899324655532837,
    4.0,
    1.0,
    4.0,
    4.0,
    1.0289442539215088,
    4.0,
    4.0,
    4.0,
    1.0807796716690063,
    4.0,
    4.0,
    4.0,
    4.0,
    3.36281418800354,
    4.0,
    2.4640796184539795,
    1.0,
    4.0,
    4.0,
    1.0,
    2.0905604362487793,
    3.496487855911255,
    4.0,
    4.0,
    4.0,
    1.5114725828170776,
    4.0,
    4.0,
    4.0,
    4.0,
    4.0,
    4.0,
    4.0,
    4.0,
    4.0,
    0.43319088220596313,
    4.0,
    0.3376878798007965,
    1.0,
    4.0,
    4.0,
    4.0,
    2.5108566284179688,
    4.0,
    1.0,
    2.9854848384857178,
    2.5330183506011963,
    4.0,
    1.0341004133224487,
    3.4166226387023926,
    4.0,
    4.0,
    2.8613219261169434,
    4.0,
    4.0,
    2.717564344406128,
    4.0,
    4.0,
    0.9921792149543762,
    3.0003011226654053,
    2.056084632873535,
    0.5589186549186707,
    4.0,
    0.880277156829834,
    3.1105849742889404,
    2.921426296234131,
    4.0,
    4.0,
    4.0,
    4.0,
    4.0,
    2.3274996280670166,
    4.0,
    3.5695929527282715,
    1.0
  ]
}