{
  "uncalibrated": {
    "accuracy": 0.3963774773592335,
    "macro_f1": 0.150162808565279,
    "micro_f1": 0.3963774773592335,
    "cohen_kappa": 0.22787097775613274,
    "brier_score": 0.9443127512931824,
    "ece": 0.36711674734259675,
    "macro_roc_auc_ovr": 0.7305604622337306,
    "macro_pr_auc_ovr": 0.1905373214770718,
    "loss": 6.303852847968363
  },
  "temperature": 3.959240674972534,
  "calibrated": {
    "accuracy": 0.3963774773592335,
    "macro_f1": 0.150162808565279,
    "micro_f1": 0.3963774773592335,
    "cohen_kappa": 0.22787097775613274,
    "brier_score": 0.8195437788963318,
    "ece": 0.14002220651709604,
    "macro_roc_auc_ovr": 0.7372015139430175,
    "macro_pr_auc_ovr": 0.18328488850900077,
    "loss": 2.9687628746032715
  }
}