{
  "objective_config": {
    "use_class_weights": false,
    "class_weight_method": "inv_sqrt",
    "class_weight_normalize": "sample_mean",
    "class_weight_beta": 0.9999,
    "class_weight_clip_min": 0.25,
    "class_weight_clip_max": 4.0,
    "class_weight_eps": 1e-12,
    "label_smoothing": 0.0,
    "logit_adjust_tau": 0.5,
    "logit_adjust_eps": 1e-12
  },
  "tail_definition": {
    "fraction": 0.2,
    "include_zero_count": true,
    "tail_k": 18,
    "tail_class_ids": [
      12,
      25,
      27,
      30,
      44,
      45,
      64,
      85,
      34,
      41,
      78,
      51,
      43,
      40,
      83,
      42,
      61,
      0
    ]
  },
  "uncalibrated": {
    "accuracy": 0.638847297267973,
    "macro_f1": 0.5147723908874383,
    "micro_f1": 0.638847297267973,
    "cohen_kappa": 0.558150165270588,
    "brier_score": 0.5743780136108398,
    "ece": 0.22199821836653547,
    "nll": 2.0877277851104736,
    "n_classes_total": 86.0,
    "n_classes_missing_pos": 1.0,
    "n_classes_missing_neg": 0.0,
    "macro_roc_auc_ovr": 0.9409133279155344,
    "macro_pr_auc_ovr": 0.5259523760130111,
    "n_classes_scored": 85.0,
    "tail_k": 18.0,
    "tail_definition": "bottom_20pct_train_support_including_zero",
    "tail_class_ids": [
      12,
      25,
      27,
      30,
      44,
      45,
      64,
      85,
      34,
      41,
      78,
      51,
      43,
      40,
      83,
      42,
      61,
      0
    ],
    "tail_macro_pr_auc_ovr": 0.17900050433236514,
    "tail_n_classes_scored": 17.0,
    "macro_f1_present_only": 0.5147723908874383,
    "kappa": 0.558150165270588,
    "objective_loss": 2.0908785273456156,
    "nll_loss": 2.0908785273456156,
    "loss": 2.0908785273456156
  },
  "summary": {
    "objective_loss": 2.0908785273456156,
    "nll_loss": 2.0908785273456156,
    "macro_f1": 0.5147723908874383,
    "micro_f1": 0.638847297267973,
    "accuracy": 0.638847297267973,
    "kappa": 0.558150165270588,
    "macro_pr_auc_ovr": 0.5259523760130111,
    "tail_macro_pr_auc_ovr": 0.17900050433236514,
    "macro_roc_auc_ovr": 0.9409133279155344
  }
}