{
  "eps": 1e-12,
  "log_priors": [
    -9.421461948062943,
    -6.7824046184478,
    -5.57397746377249,
    -3.454033978783327,
    -6.285967732133913,
    -4.145901568637647,
    -8.792853288640627,
    -8.205066623738539,
    -4.651837207109446,
    -6.107275943390538,
    -6.451047482493361,
    -6.680621924137859,
    -7.945555428253462,
    -6.253879417582413,
    -39.13192460567145,
    -3.5188286146617016,
    -7.390029625569576,
    -7.511919443178611,
    -8.066916285257726,
    -3.6136949039289714,
    -5.787170684233532,
    -7.281395784566783,
    -8.282027664874663,
    -6.7824046184478,
    -5.692760999762457,
    -10.114609128622764,
    -5.363176435656667,
    -10.114609128622764,
    -6.275156816029697,
    -5.519489278488421,
    -9.198318396748759,
    -5.1711825842202055,
    -6.024439937811389,
    -6.559261067133592,
    -7.609083191632257,
    -39.13192460567145,
    -4.008700447124162,
    -9.01599683995482,
    -7.475551799007737,
    -6.222788830512381,
    -9.198318396748759,
    -10.114609128622764,
    -10.807756309182459,
    -39.13192460567145,
    -8.365409273813711,
    -8.556464510576411,
    -1.7620547591484226,
    -8.242806951721384,
    -1.1265376905503794,
    -39.13192460567145,
    -8.205066623738539,
    -10.114609128622764,
    -6.253879417582413,
    -4.931422069328606,
    -7.296210870351923,
    -8.409861036384543,
    -5.494550330141169,
    -5.831022566762381,
    -8.035167586943146,
    -3.1929509444718844,
    -6.192635792341695,
    -11.500903489741903,
    -8.409861036384543,
    -5.371853279682356,
    -8.205066623738539,
    -9.103008216944442,
    -5.139601012169907,
    -6.545076432141636,
    -6.588248604006845,
    -3.2552565888690435,
    -5.84841430947425,
    -4.646548987487881,
    -2.1074918420822204,
    -6.0286328160714255,
    -2.8453406290618943,
    -6.158569237778088,
    -6.0803684904706135,
    -8.409861036384543,
    -8.792853288640627,
    -7.8120240356289425,
    -7.4233660458371675,
    -6.641091085381224,
    -5.076034465837514,
    -8.004395928276393,
    -6.227903931179152,
    -39.13192460567145
  ],
  "num_classes": 86,
  "priors": [
    8.096756237033544e-05,
    0.0011335458731845645,
    0.0037953544861090097,
    0.031617833105612045,
    0.0018622539345174924,
    0.01582915844339861,
    0.0001518141794443701,
    0.00027326552299985807,
    0.009544051414402108,
    0.0022266079651839564,
    0.0015788674662213537,
    0.0012549972167400524,
    0.0003542330853701834,
    0.0019229796062952362,
    1.0120945296290664e-17,
    0.029634127827539075,
    0.0006173776630737407,
    0.000546531045999706,
    0.0003137493041850207,
    0.02695207732402205,
    0.0030666464247760816,
    0.0006882242801477753,
    0.0002530236324072767,
    0.0011335458731845645,
    0.003370274783664802,
    4.048378118517278e-05,
    0.004685997672182588,
    4.048378118517278e-05,
    0.0018824958251100737,
    0.004007894337331113,
    0.00010120945296291677,
    0.005677850311219073,
    0.002418905925813479,
    0.0014169323414807032,
    0.0004959263195182527,
    1.0120945296290664e-17,
    0.018156975861545462,
    0.0001214513435554981,
    0.0005667729365922873,
    0.0019837052780729805,
    0.00010120945296291677,
    4.048378118517278e-05,
    2.0241890592591452e-05,
    1.0120945296290664e-17,
    0.00023278174181469538,
    0.00019229796062953273,
    0.17169171600627484,
    0.00026314457770356737,
    0.3241536359495974,
    1.0120945296290664e-17,
    0.00027326552299985807,
    4.048378118517278e-05,
    0.0019229796062952362,
    0.007216233996255254,
    0.0006781033348514846,
    0.0002226607965184047,
    0.0041091037902940206,
    0.0029350741359243033,
    0.0003238702494813114,
    0.04105055412175494,
    0.0020444309498507244,
    1.0120945296300786e-05,
    0.0002226607965184047,
    0.0046455138909974256,
    0.00027326552299985807,
    0.00011133039825920744,
    0.0058600273265523055,
    0.0014371742320732845,
    0.0013764485602955404,
    0.038570922524163734,
    0.0028844694094428496,
    0.00959465614088356,
    0.12154243206315461,
    0.002408784980517188,
    0.05811446789130101,
    0.002115277566924759,
    0.0022873336369617003,
    0.0002226607965184047,
    0.0001518141794443701,
    0.0004048378118516367,
    0.0005971357724811594,
    0.0013056019432215059,
    0.006244623247811351,
    0.0003339911947776021,
    0.0019735843327766895,
    1.0120945296290664e-17
  ]
}