{
  "objective_config": {
    "use_class_weights": false,
    "class_weight_method": "inv_sqrt",
    "class_weight_normalize": "sample_mean",
    "class_weight_beta": 0.9999,
    "class_weight_clip_min": 0.25,
    "class_weight_clip_max": 4.0,
    "class_weight_eps": 1e-12,
    "label_smoothing": 0.0,
    "logit_adjust_tau": 0.5,
    "logit_adjust_eps": 1e-12
  },
  "tail_definition": {
    "fraction": 0.2,
    "include_zero_count": true,
    "tail_k": 18,
    "tail_class_ids": [
      0,
      14,
      35,
      38,
      44,
      45,
      77,
      41,
      42,
      25,
      51,
      62,
      27,
      61,
      30,
      40,
      43,
      79
    ]
  },
  "uncalibrated": {
    "accuracy": 0.597113689297142,
    "macro_f1": 0.4374087973437802,
    "micro_f1": 0.597113689297142,
    "cohen_kappa": 0.5113294995035991,
    "brier_score": 0.5776088833808899,
    "ece": 0.13988141957332714,
    "nll": 1.8632028102874756,
    "n_classes_total": 86.0,
    "n_classes_missing_pos": 0.0,
    "n_classes_missing_neg": 0.0,
    "macro_roc_auc_ovr": 0.9207372976258578,
    "macro_pr_auc_ovr": 0.464108623924357,
    "n_classes_scored": 86.0,
    "tail_k": 18.0,
    "tail_definition": "bottom_20pct_train_support_including_zero",
    "tail_class_ids": [
      0,
      14,
      35,
      38,
      44,
      45,
      77,
      41,
      42,
      25,
      51,
      62,
      27,
      61,
      30,
      40,
      43,
      79
    ],
    "tail_macro_pr_auc_ovr": 0.15383015807552133,
    "tail_n_classes_scored": 18.0,
    "macro_f1_present_only": 0.4374087973437802,
    "kappa": 0.5113294995035991,
    "objective_loss": 1.8804816282627665,
    "nll_loss": 1.8804816282627665,
    "loss": 1.8804816282627665
  },
  "summary": {
    "objective_loss": 1.8804816282627665,
    "nll_loss": 1.8804816282627665,
    "macro_f1": 0.4374087973437802,
    "micro_f1": 0.597113689297142,
    "accuracy": 0.597113689297142,
    "kappa": 0.5113294995035991,
    "macro_pr_auc_ovr": 0.464108623924357,
    "tail_macro_pr_auc_ovr": 0.15383015807552133,
    "macro_roc_auc_ovr": 0.9207372976258578
  }
}