{
  "objective_config": {
    "colsample_bytree": 0.8,
    "early_stopping_rounds": 30,
    "ecfp_bits": 2048,
    "ecfp_radius": 2,
    "learning_rate": 0.05,
    "max_depth": 8,
    "min_child_weight": 1.0,
    "model_family": "xgboost",
    "n_estimators": 600,
    "num_classes_total": 86,
    "num_classes_trained": 79,
    "pair_representation": "sorted_concat_ecfp4",
    "reg_lambda": 1.0,
    "subsample": 0.8,
    "tree_method": "hist",
    "use_class_weights": false
  },
  "summary": {
    "accuracy": 0.6201367039166757,
    "kappa": 0.5215233864777058,
    "macro_f1": 0.5224308103469101,
    "macro_pr_auc_ovr": 0.5721146219854396,
    "macro_roc_auc_ovr": 0.9309670879504862,
    "micro_f1": 0.6201367039166757,
    "nll_loss": 1.3644900281463506,
    "objective_loss": 1.3644900281463506,
    "tail_macro_pr_auc_ovr": 0.20152039711666908
  },
  "tail_definition": {
    "fraction": 0.2,
    "include_zero_count": true,
    "tail_class_ids": [
      0,
      12,
      21,
      30,
      58,
      64,
      85,
      34,
      41,
      42,
      25,
      78,
      27,
      43,
      51,
      40,
      61,
      22
    ],
    "tail_k": 18
  },
  "uncalibrated": {
    "accuracy": 0.6201367039166757,
    "brier_score": 0.528622038178146,
    "cohen_kappa": 0.5215233864777058,
    "ece": 0.05588062179603353,
    "kappa": 0.5215233864777058,
    "loss": 1.3644900281463506,
    "macro_f1": 0.5224308103469101,
    "macro_f1_present_only": 0.5224308103469101,
    "macro_pr_auc_ovr": 0.5721146219854396,
    "macro_roc_auc_ovr": 0.9309670879504862,
    "micro_f1": 0.6201367039166757,
    "n_classes_missing_neg": 0,
    "n_classes_missing_pos": 1,
    "n_classes_scored": 85,
    "n_classes_total": 86,
    "nll": 1.3644900281463506,
    "nll_loss": 1.3644900281463506,
    "objective_loss": 1.3644900281463506,
    "tail_class_ids": [
      0,
      12,
      21,
      30,
      58,
      64,
      85,
      34,
      41,
      42,
      25,
      78,
      27,
      43,
      51,
      40,
      61,
      22
    ],
    "tail_definition": "bottom_20pct_train_support_including_zero",
    "tail_k": 18,
    "tail_macro_pr_auc_ovr": 0.20152039711666908,
    "tail_n_classes_scored": 17
  }
}