{
  "objective_config": {
    "use_class_weights": false,
    "class_weight_method": "inv_sqrt",
    "class_weight_normalize": "sample_mean",
    "class_weight_beta": 0.9999,
    "class_weight_clip_min": 0.25,
    "class_weight_clip_max": 4.0,
    "class_weight_eps": 1e-12,
    "label_smoothing": 0.0,
    "logit_adjust_tau": 0.0,
    "logit_adjust_eps": 1e-12
  },
  "tail_definition": {
    "fraction": 0.2,
    "include_zero_count": true,
    "tail_k": 18,
    "tail_class_ids": [
      0,
      14,
      35,
      38,
      44,
      45,
      77,
      41,
      42,
      25,
      51,
      62,
      27,
      61,
      30,
      40,
      43,
      79
    ]
  },
  "uncalibrated": {
    "accuracy": 0.6249537450207875,
    "macro_f1": 0.4605080749953238,
    "micro_f1": 0.6249537450207875,
    "cohen_kappa": 0.5493349402224504,
    "brier_score": 0.5786006450653076,
    "ece": 0.20548243659041512,
    "nll": 1.9881012439727783,
    "n_classes_total": 86.0,
    "n_classes_missing_pos": 0.0,
    "n_classes_missing_neg": 0.0,
    "macro_roc_auc_ovr": 0.9257185169281684,
    "macro_pr_auc_ovr": 0.49976077144722264,
    "n_classes_scored": 86.0,
    "tail_k": 18.0,
    "tail_definition": "bottom_20pct_train_support_including_zero",
    "tail_class_ids": [
      0,
      14,
      35,
      38,
      44,
      45,
      77,
      41,
      42,
      25,
      51,
      62,
      27,
      61,
      30,
      40,
      43,
      79
    ],
    "tail_macro_pr_auc_ovr": 0.16755809251577072,
    "tail_n_classes_scored": 18.0,
    "macro_f1_present_only": 0.4605080749953238,
    "kappa": 0.5493349402224504,
    "objective_loss": 1.9965910171370558,
    "nll_loss": 1.9965910171370558,
    "loss": 1.9965910171370558
  },
  "summary": {
    "objective_loss": 1.9965910171370558,
    "nll_loss": 1.9965910171370558,
    "macro_f1": 0.4605080749953238,
    "micro_f1": 0.6249537450207875,
    "accuracy": 0.6249537450207875,
    "kappa": 0.5493349402224504,
    "macro_pr_auc_ovr": 0.49976077144722264,
    "tail_macro_pr_auc_ovr": 0.16755809251577072,
    "macro_roc_auc_ovr": 0.9257185169281684
  }
}