{
  "eps": 1e-12,
  "log_priors": [
    -9.343778010205734,
    -6.1050995580415135,
    -5.822331500392163,
    -3.633903021550542,
    -6.348045736651901,
    -4.386777931942276,
    -8.83295238643981,
    -8.302324135377681,
    -4.546611001900435,
    -5.291993062402593,
    -6.399339031039451,
    -7.165245565881815,
    -7.8397006134295895,
    -6.592242697163941,
    -38.766558595362504,
    -3.765936758907546,
    -7.5801894179445135,
    -8.83295238643981,
    -7.497951319707544,
    -3.4347896849221566,
    -6.066633277213718,
    -7.7682416494474475,
    -7.5520185409778176,
    -7.446658025319994,
    -5.529735413137955,
    -9.749243118313816,
    -5.382964840608319,
    -9.1896273303785,
    -6.085681472184413,
    -5.451957712095271,
    -8.938312902097625,
    -6.145104892655213,
    -5.719437077229531,
    -6.3397469338372066,
    -7.5246195667897045,
    -38.766558595362504,
    -4.114453515144815,
    -7.8397006134295895,
    -7.328874989663614,
    -6.887042237384582,
    -8.938312902097625,
    -10.44239029887351,
    -38.766558595362504,
    -9.056095937753994,
    -8.044495026075595,
    -8.427487278331679,
    -1.6528825121371138,
    -8.000043263504763,
    -1.1705786048097266,
    -38.766558595362504,
    -7.8397006134295895,
    -9.526099566999655,
    -6.260340156232797,
    -5.255004493033253,
    -7.639029917967445,
    -38.766558595362504,
    -5.602147990706432,
    -5.602147990706432,
    -7.803332969258716,
    -3.1801123905212836,
    -5.626149142805974,
    -9.526099566999655,
    -9.749243118313816,
    -5.283334999659479,
    -8.302324135377681,
    -6.8048041391476115,
    -5.7105874619525485,
    -6.408149660721606,
    -6.315255913828911,
    -3.089628737163176,
    -5.497182810100206,
    -4.6756330250564195,
    -2.1190246044379295,
    -6.158803737013375,
    -2.8701445485817323,
    -5.445178025109892,
    -6.005638764510876,
    -38.766558595362504,
    -8.737642206635494,
    -9.343778010205734,
    -8.191098500267463,
    -6.453406252309727,
    -5.037463197267713,
    -7.669801576634198,
    -7.146553432869663,
    -8.737642206635494
  ],
  "num_classes": 86,
  "priors": [
    8.750820389412954e-05,
    0.002231459199299946,
    0.002960694231750904,
    0.02641289287537371,
    0.0017501640778823137,
    0.012440749653613359,
    0.0001458470064902062,
    0.00024793991103334026,
    0.010603077371836944,
    0.005031721723911625,
    0.0016626558739881987,
    0.0007729891343980301,
    0.0003937869175235319,
    0.0013709618610078156,
    1.458470064901916e-17,
    0.02314591992999342,
    0.0005104645227156853,
    0.0001458470064902062,
    0.0005542186246627427,
    0.03223218843433236,
    0.002318967403194061,
    0.0004229563188215702,
    0.0005250492233647044,
    0.0005833880259607811,
    0.0039670385765332265,
    5.833880259609123e-05,
    0.00459418070444105,
    0.00010209290454314871,
    0.0022752133012470034,
    0.004287901990811648,
    0.00013126230584118703,
    0.002143950995405831,
    0.0032815576460293256,
    0.001764748778531333,
    0.0005396339240137236,
    1.458470064901916e-17,
    0.016334864726901474,
    0.0003937869175235319,
    0.0006563115292058768,
    0.0010209290454313558,
    0.00013126230584118703,
    2.9169401298052908e-05,
    1.458470064901916e-17,
    0.00011667760519216787,
    0.0003208634142784361,
    0.000218770509735302,
    0.1914971195216216,
    0.00033544811492745527,
    0.3101874134033395,
    1.458470064901916e-17,
    0.0003937869175235319,
    7.292350324511038e-05,
    0.0019105957850215245,
    0.005221322832348874,
    0.0004812951214176469,
    1.458470064901916e-17,
    0.003689929264201862,
    0.003689929264201862,
    0.00040837161817255105,
    0.04158098155035364,
    0.0036024210603077473,
    7.292350324511038e-05,
    5.833880259609123e-05,
    0.005075475825858683,
    0.00024793991103334026,
    0.0011084372493254707,
    0.003310727047327364,
    0.0016480711733391797,
    0.0018085028804783903,
    0.04551885072558881,
    0.004098300882374399,
    0.009319623714723259,
    0.12014876394661987,
    0.002114781594107793,
    0.05669073142273749,
    0.004317071392109686,
    0.0024648144096842527,
    1.458470064901916e-17,
    0.00016043170713922535,
    8.750820389412954e-05,
    0.0002771093123313786,
    0.0015751476700940838,
    0.006490191788813542,
    0.00046671042076862774,
    0.0007875738350470493,
    0.00016043170713922535
  ]
}