{
  "objective_config": {
    "use_class_weights": false,
    "class_weight_method": "inv_sqrt",
    "class_weight_normalize": "sample_mean",
    "class_weight_beta": 0.9999,
    "class_weight_clip_min": 0.25,
    "class_weight_clip_max": 4.0,
    "class_weight_eps": 1e-12,
    "label_smoothing": 0.0,
    "logit_adjust_tau": 0.5,
    "logit_adjust_eps": 1e-12
  },
  "tail_definition": {
    "fraction": 0.2,
    "include_zero_count": true,
    "tail_k": 18,
    "tail_class_ids": [
      12,
      27,
      30,
      49,
      55,
      85,
      34,
      41,
      64,
      78,
      25,
      42,
      51,
      40,
      43,
      61,
      0,
      6
    ]
  },
  "uncalibrated": {
    "accuracy": 0.555512101855473,
    "macro_f1": 0.41805429704247576,
    "micro_f1": 0.555512101855473,
    "cohen_kappa": 0.46217445406099456,
    "brier_score": 0.6087058186531067,
    "ece": 0.09642132355120152,
    "nll": 1.603140115737915,
    "n_classes_total": 86.0,
    "n_classes_missing_pos": 4.0,
    "n_classes_missing_neg": 0.0,
    "macro_roc_auc_ovr": 0.925069694958447,
    "macro_pr_auc_ovr": 0.4680807136333761,
    "n_classes_scored": 82.0,
    "tail_k": 18.0,
    "tail_definition": "bottom_20pct_train_support_including_zero",
    "tail_class_ids": [
      12,
      27,
      30,
      49,
      55,
      85,
      34,
      41,
      64,
      78,
      25,
      42,
      51,
      40,
      43,
      61,
      0,
      6
    ],
    "tail_macro_pr_auc_ovr": 0.17185416176419732,
    "tail_n_classes_scored": 14.0,
    "macro_f1_present_only": 0.41805429704247576,
    "kappa": 0.46217445406099456,
    "objective_loss": 1.6035066696125635,
    "nll_loss": 1.6035066696125635,
    "loss": 1.6035066696125635
  },
  "summary": {
    "objective_loss": 1.6035066696125635,
    "nll_loss": 1.6035066696125635,
    "macro_f1": 0.41805429704247576,
    "micro_f1": 0.555512101855473,
    "accuracy": 0.555512101855473,
    "kappa": 0.46217445406099456,
    "macro_pr_auc_ovr": 0.4680807136333761,
    "tail_macro_pr_auc_ovr": 0.17185416176419732,
    "macro_roc_auc_ovr": 0.925069694958447
  }
}